,asin,product_url,title,price,bought,review_count,rating
0,B09B7L2BLJ,https://www.amazon.com/dp/B09B7L2BLJ,"Amazon Basics Daily Pantiliner, Regular Length, Pads for Women, Unscented, 50 Count (Previously Solimo)",$3.38,10K+ bought in past month,15.1K,4.2
1,B013AX7QJQ,https://www.amazon.com/dp/B013AX7QJQ,"Veeda Natural Cotton Ultra Thin Panty Liners for Women - Breathable Thin Daily Liners are Always Chlorine, and Toxin Free - Hypoallergenic & Comfortable Pantyliners - 40 Count",$9.49,300+ bought in past month,2.5K,4.1
2,B09FD1B6JD,https://www.amazon.com/dp/B09FD1B6JD,"SANDIS Premium 100% Organic Panty Liners - Chemical Free Cotton Ultra Thin Liner for Women | Feminine Sanitary Napkins Unscented Everyday Use Leak Protection (Regular, 36 Count, Wrapped)",$8.99,2K+ bought in past month,599,4.2
3,B0F1TMC7D3,https://www.amazon.com/dp/B0F1TMC7D3,"MODAL Panty Liners for Women, Unscented Sanitary Pads with Wings, Daily Thin Panty Liners, 7.5 Inch(190 mm), Mini, 10 Count",$5.99,($0.60$0.60/count),75,4.4
4,B00NJNJ6O6,https://www.amazon.com/dp/B00NJNJ6O6,"Carefree Panty Liners for Women, Regular, Unwrapped, Unscented, 120ct | Pantiliners, Carefree Liners, Daily Liners for Women, Light Periods and Leaks, 8-Hour Odor Control | 120ct (Packaging May Vary)",$6.27,20K+ bought in past month,29.8K,4.7
5,B003VD5TMM,https://www.amazon.com/dp/B003VD5TMM,"Always Daily Fresh Thin Liners, Regular Absorbency, Unscented Panty Liners, 162 Count",$8.99,40K+ bought in past month,38.5K,4.6
6,B0FSHPJH79,https://www.amazon.com/dp/B0FSHPJH79,Equate Overnight Ultra Thin Pads Liners Size 4 with Flexi-Wings - Pack of 37 (Total of 74) and Vital Volumes Tips Card Bundle,$24.95,New on Amazon in past month,N/A,N/A
7,B00UASJJX6,https://www.amazon.com/dp/B00UASJJX6,"U by Kotex Balance Wrapped Panty Liners, Regular Length, 80 Count (Packaging May Vary)",$3.50,20K+ bought in past month,32.6K,4.6
8,B09B7L2BLJ,https://www.amazon.com/dp/B09B7L2BLJ,"Amazon Basics Daily Pantiliner, Regular Length, Pads for Women, Unscented, 50 Count (Previously Solimo)",$3.38,10K+ bought in past month,15.1K,4.2
9,B01ARVVTYW,https://www.amazon.com/dp/B01ARVVTYW,"Carefree Panty Liners for Women, Regular, Wrapped, Unscented, 54ct | Pantiliners, Carefree Liners, Daily Liners for Women, Light Periods and Leaks, 8-Hour Odor Control | 54ct (Packaging May Vary)",$3.34,30K+ bought in past month,9.8K,4.6
10,B09B7QBVH2,https://www.amazon.com/dp/B09B7QBVH2,"Amazon Basics Regular Absorbency Pads for Women, Ultra Thin with Flexi-Wings, Unscented, Size 1, 36 Count, 1 Pack",$4.88,7K+ bought in past month,11.6K,4.5
11,B07C99C39S,https://www.amazon.com/dp/B07C99C39S,"U by Kotex Panty Liners, Clean & Secure, Light Absorbency, Long Length, 126 Count (Packaging May Vary)",$7.79,10K+ bought in past month,23.2K,4.4
12,B07258JQ9M,https://www.amazon.com/dp/B07258JQ9M,"Rael Panty Liners for Women, Organic Cotton Cover - Regular Pantiliners, Light Absorbency, Unscented, Chlorine Free (Regular, 44 Count)",$8.99,10K+ bought in past month,23.7K,4.1
13,B0DR3579J9,https://www.amazon.com/dp/B0DR3579J9,"Always Daily Protect Liners, Regular Length, Unscented, 96 Count",$7.17,9K+ bought in past month,739,4.6
14,B09VMHGQFG,https://www.amazon.com/dp/B09VMHGQFG,"Carefree Panty Liners for Women, Extra Long, Unwrapped, Unscented, 100ct | Pantiliners, Carefree, Daily for Women, Light Periods and Leaks, 8-Hour Odor Control|100ct (Packaging May Vary)",$6.78,20K+ bought in past month,8.8K,4.7
15,B0CPPMGL92,https://www.amazon.com/dp/B0CPPMGL92,"Ultra Thin Sanitary Pantyliners (Regular, 6.1 inch, 120 Counts) - Ultra Thin, Unscented 100% Organic Cotton Panty Liners for Women. Chemical-Free, Extra Soft, Ideal for Sensitive Skin",$19.90,($0.17$0.17/count),194,3.8
16,B0CNWNLSQ6,https://www.amazon.com/dp/B0CNWNLSQ6,"Oi | Organic Initiative Incontinence Liner, Organic Cotton Topsheet, Very Light Bladder Leakage, Breathable and Hypoallergenic, Very Light absorbs up to 1.7 floz (7.1"") 60 Liners",$20.99,100+ bought in past month,108,4.0
17,B004DGFFA2,https://www.amazon.com/dp/B004DGFFA2,"Organyc 100% Certified Organic Cotton Inside and Out Folded Panty Liner, Ultra Thin, Light Flow, 24 Count",$7.49,2K+ bought in past month,2.8K,4.0
18,B0FHWX7T63,https://www.amazon.com/dp/B0FHWX7T63,"Pixie Organic Cotton Panty Liners for Women - Long Wrapped Pantiliners - Light Absorbency & Ultra-Thin - Leak-Proof, Hypoallergenic & Unscented - Compostable - 88 Count",$16.95,50+ bought in past month,42,4.3
19,B008HQ8M6I,https://www.amazon.com/dp/B008HQ8M6I,"Always Daily Extra Protect Liners, Long Length, Unscented Panty Liners, 108 Count",$9.42,20K+ bought in past month,25.6K,4.6
20,B0DXM5CP2B,https://www.amazon.com/dp/B0DXM5CP2B,"L. Ultra Thin Liners for Women, Regular Coverage, Organic Cotton Top Layer, Unscented Pantiliners, 100 Count",$8.97,10K+ bought in past month,591,4.5
21,B01KNR5FNG,https://www.amazon.com/dp/B01KNR5FNG,"Always Daily Extra Protect Liners, Extra Long Length, Scented Panty Liners, 60 Count",$6.97,10K+ bought in past month,26.1K,4.6
22,B004RSO890,https://www.amazon.com/dp/B004RSO890,Carefree Thong Regular 49 Count Unscented Liner,$3.58,10K+ bought in past month,9.5K,4.8
23,B0949JRVNQ,https://www.amazon.com/dp/B0949JRVNQ,"Attn: Grace Moderate Incontinence Pads for Women, 28-Pack - High Absorbency, Breathable, Plant-Based - Incontinence Pads for Moderate Bladder Leaks & Sensitive Skin",$15.96,4K+ bought in past month,3.4K,4.2
24,B0D1ZZBJ8D,https://www.amazon.com/dp/B0D1ZZBJ8D,"Organyc 100% Certified Organic Cotton 2 in 1 Panty Liners for Women Fits Thong or Regular Underwear, Light Flow, 20 Count",$7.49,500+ bought in past month,144,4.5
25,B074QJJ6RZ,https://www.amazon.com/dp/B074QJJ6RZ,Pixie Cotton Cloth Pads - 100% Organic Reusable Cotton -Ranked 1 for Softest Menstrual Sanitary Napkins - Machine Washable & Includes Free Wet Bag - Menstrual Liner (Regular),$34.95,500+ bought in past month,381,4.4
26,B00IPBWWZW,https://www.amazon.com/dp/B00IPBWWZW,"U by Kotex Balance Daily Panty Liners for Thongs, Wrapped, Light Absorbency, Regular Length, 50 Count (Packaging May Vary)",$3.89,10K+ bought in past month,2.5K,4.6
27,B014TIO4XM,https://www.amazon.com/dp/B014TIO4XM,"Always Radiant Pantiliners, Regular, Unscented, 48 Liners (Pack of 2)",$16.85,3K+ bought in past month,1K,4.7
28,B0752S8Z7G,https://www.amazon.com/dp/B0752S8Z7G,"U by Kotex Barely There Thin Lines - 50 ct, Pack of 3",$19.91,600+ bought in past month,247,4.8
29,B007QVLWS0,https://www.amazon.com/dp/B007QVLWS0,"Poise Daily Liners, Incontinence Panty Liners for Bladder Leaks, 2 Drop Very Light Absorbency, Regular Length, 48 Count of Pantiliners, Packaging May Vary",$6.41,10K+ bought in past month,4.1K,4.7
30,B0CKTY3Q5B,https://www.amazon.com/dp/B0CKTY3Q5B,"Poise Daily Microliners, Incontinence Panty Liners for Bladder Leaks, 1 Drop Lightest Absorbency, Long Length, 50 Count of Pantiliners",$6.79,8K+ bought in past month,1.4K,4.6
31,B07YQ8RH6Q,https://www.amazon.com/dp/B07YQ8RH6Q,"Cora Period Regular Liners | 100% Organic Cotton Topsheet | Ultra Thin, Quick Absorbency | Hypoallergenic | Dermatologically Tested | Unscented, No Wings (42 Liners)",$11.49,4K+ bought in past month,4K,4.5
32,B082JG2QJL,https://www.amazon.com/dp/B082JG2QJL,"Always Discreet Boutique Incontinence Panty Liners for Bladder Leaks, Size 2, Very Light Absorbency, Long Length, 96 Count (3 Packs of 32)",$16.99,4K+ bought in past month,2.6K,4.6
33,B0787C4NWF,https://www.amazon.com/dp/B0787C4NWF,The Honey Pot Company - Herbal Everyday Panty Liners for Women - Infused w/Essential Oils for Cooling Effect & Organic Cotton Cover - Feminine Care - 30 ct,$7.97,10K+ bought in past month,12.7K,4.6
34,B096VXFP42,https://www.amazon.com/dp/B096VXFP42,The Honey Pot Company - Non-Herbal Everyday Panty Liners for Women - Organic Cotton Cover & Ultra-Absorbent Pulp Core - Sanitary Pads - Feminine Care - 30 ct,$7.97,8K+ bought in past month,2.1K,4.6
35,B00028PSC0,https://www.amazon.com/dp/B00028PSC0,"NATRACARE Mini Pant Liners, Unscented, (Pack of 30)",$4.78,2K+ bought in past month,4K,4.1
36,B09LKLNHSG,https://www.amazon.com/dp/B09LKLNHSG,"Carefree Body Shape Pant Liners, Regular, Multicolor Unscented 54 Count (Pack of 2)",$6.68,($0.06$0.06/count),1.7K,4.8
37,B004DGFFA2,https://www.amazon.com/dp/B004DGFFA2,"Organyc 100% Certified Organic Cotton Inside and Out Folded Panty Liner, Ultra Thin, Light Flow, 24 Count",$7.49,2K+ bought in past month,2.8K,4.0
38,B086L35YNS,https://www.amazon.com/dp/B086L35YNS,"Claene Organic Cotton Panty Liners, Unscented,Thin, Daily, Breathable, Light Incontinence, Natural Pantyliners, Menstrual Pads for women (Regular, 50P)",$15.49,100+ bought in past month,2.8K,4.2
39,B01IAIMZHO,https://www.amazon.com/dp/B01IAIMZHO,U by Kotex Barely There Thin Liners 50 ea (Pack of 5),$29.99,300+ bought in past month,137,4.8
40,B000FFBMRK,https://www.amazon.com/dp/B000FFBMRK,"U by Kotex Clean & Secure Ultra Thin Pads, Regular Absorbency, 176 Count (4 Packs of 44) (Packaging May Vary)",$25.16,2K+ bought in past month,15.6K,4.6
41,B01MSEJ75X,https://www.amazon.com/dp/B01MSEJ75X,"Poise Daily Liners, Incontinence Panty Liners for Bladder Leaks, 2 Drop Very Light Absorbency, Regular Length, 126 Count of Pantiliners, Packaging May Vary",$13.22,5K+ bought in past month,1.7K,4.7
42,B0CKTZ5S1F,https://www.amazon.com/dp/B0CKTZ5S1F,"Poise Daily Microliners, Incontinence Panty Liners for Bladder Leaks, 1 Drop Lightest Absorbency, Regular, 54 Count of Pantiliners",$6.79,6K+ bought in past month,1K,4.6
43,B07RMLFMDM,https://www.amazon.com/dp/B07RMLFMDM,"Kotex Lightdays Liners Regular, Soft and Silky, 192 Count",$22.54,400+ bought in past month,794,4.7
44,B015ZRWDP2,https://www.amazon.com/dp/B015ZRWDP2,"Always Discreet Incontinence Panty Liners for Bladder Leaks, Size 2, Very Light Absorbency, 120 Count",$13.88,5K+ bought in past month,13.3K,4.5
45,B0C1S3QKHD,https://www.amazon.com/dp/B0C1S3QKHD,"LOLA Ultra Thin Liners, 112 Count - Organic Cotton Panty Liners for Women, Hypoallergenic Pads for Women, HSA FSA Approved Products Feminine Care",$33.97,400+ bought in past month,409,4.2
46,B0D73XC13N,https://www.amazon.com/dp/B0D73XC13N,"100% Organic Panty Liners for Women-120ct, Ultra Thin Cotton Cover, Regular Pantiliners, Light Absorbency, Unscented Barely There Pantie Liners (Regular Liner, Size 1, 120ct)",$19.99,2K+ bought in past month,1K,4.1
47,B01N183JDQ,https://www.amazon.com/dp/B01N183JDQ,"Poise Daily Liners, Incontinence Panty Liners for Bladder Leaks, 2 Drop Very Light Absorbency, Long Length, 114 Count of Pantiliners, Packaging May Vary",$15.47,2K+ bought in past month,1.6K,4.6
48,B0DK7RRNJX,https://www.amazon.com/dp/B0DK7RRNJX,"Poise Daily Liners, Incontinence Panty Liners for Bladder Leaks, 2 Drop Very Light Absorbency, Regular Length, 30 Count of Pantiliners, Packaging May Vary",$4.69,2K+ bought in past month,333,4.7
49,B0CP2SRNG8,https://www.amazon.com/dp/B0CP2SRNG8,"Organyc 100% Certified Organic Cotton Inside and Out Tanga Thong Panty Liners, Ultra Thin Liners for Women, Light Flow, 24 Count",$7.67,2K+ bought in past month,227,4.1
50,B01AVIYFJM,https://www.amazon.com/dp/B01AVIYFJM,"Kotex Natural Balance Absorbent Liners, Long, 16 Count (Pack of Six)",$15.68,600+ bought in past month,220,4.5
51,B00F2JKRO8,https://www.amazon.com/dp/B00F2JKRO8,Natracare Normal Panty Liners,$9.69,100+ bought in past month,30,4.3
52,B08CM3FZ1P,https://www.amazon.com/dp/B08CM3FZ1P,"Rael Incontinence Liners for Women, Organic Cotton Cover, Postpartum Essential, Moderate Absorbency, Bladder Control, 4-Layer Core with Leak Guard Technology (Regular, 48 Count)",$9.99,3K+ bought in past month,7.9K,4.3
53,B01DR2ZY7G,https://www.amazon.com/dp/B01DR2ZY7G,44 Poise Long Length Panty Liners Fresh Lightweight- #2 Light Bladder Urine Leakage Protection - 1 Package of 44 Liners,$9.97,1K+ bought in past month,3K,4.7
54,B06XYNPLC1,https://www.amazon.com/dp/B06XYNPLC1,"Lil-Lets Teens Liners - 64 Count Pantyliners for Girls - Thin, Absorbent Liners - Soft & Breathable, Fragrance Free for First Periods - Light Days",$21.99,300+ bought in past month,1.1K,4.5
55,B081HYZFTS,https://www.amazon.com/dp/B081HYZFTS,U by Kotex Curves Panty Liners Regular (Pack of 4)4,$20.00,($0.50$0.50/count),9,4.8
56,B07NDYQZZ7,https://www.amazon.com/dp/B07NDYQZZ7,Flo Bamboo Daily Panty Liners Wrapped + Ultra Thin (24 liners),$5.39,600+ bought in past month,3.1K,4.1
57,B0154QERNA,https://www.amazon.com/dp/B0154QERNA,"Poise Daily Liners, Incontinence Panty Liners for Bladder Leaks, 2 Drop Very Light Absorbency, Long Length, 176 Count of Pantiliners (4 Packs of 44), Packaging May Vary",$21.88,10K+ bought in past month,10.6K,4.7
58,B0CT9LTLYD,https://www.amazon.com/dp/B0CT9LTLYD,"Always Discreet Incontinence Panty Liners for Bladder Leaks, Size 2, Very Light Absorbency, Long Length, 222 Count (2 Packs of 111)",$28.61,1K+ bought in past month,167,4.8
59,B0797HP1FD,https://www.amazon.com/dp/B0797HP1FD,"U by Kotex Balance Daily Wrapped Panty Liners, Light Absorbency, Long, 450 Count (5 Packs of 90) (Packaging May Vary)",$47.50,800+ bought in past month,1K,4.7
60,B0949JRVNQ,https://www.amazon.com/dp/B0949JRVNQ,"Attn: Grace Moderate Incontinence Pads for Women, 28-Pack - High Absorbency, Breathable, Plant-Based - Incontinence Pads for Moderate Bladder Leaks & Sensitive Skin",$15.96,4K+ bought in past month,3.4K,4.2
61,B013AX7QJQ,https://www.amazon.com/dp/B013AX7QJQ,"Veeda Natural Cotton Ultra Thin Panty Liners for Women - Breathable Thin Daily Liners are Always Chlorine, and Toxin Free - Hypoallergenic & Comfortable Pantyliners - 40 Count",$9.49,300+ bought in past month,2.5K,4.1
62,B0CH8XQCBQ,https://www.amazon.com/dp/B0CH8XQCBQ,"SUNKISS Trustplus Booster Pads 15"" x 4"", Extra Absorbency for Adult Incontinence Diapers/Underwears, Odor Control, 26 Count",$15.98,600+ bought in past month,262,4.1
63,B0F1TKB6YQ,https://www.amazon.com/dp/B0F1TKB6YQ,"MODAL Panty Liners for Women, Unscented Sanitary Pads with Wings, Daily Thin Panty Liners, 7.5 Inch(190 mm), Mini, 20 Count",$9.99,($0.50$0.50/count),75,4.4
64,B081HYZFTS,https://www.amazon.com/dp/B081HYZFTS,U by Kotex Curves Panty Liners Regular (Pack of 4)4,$20.00,($0.50$0.50/count),9,4.8
65,B07NDYQZZ7,https://www.amazon.com/dp/B07NDYQZZ7,Flo Bamboo Daily Panty Liners Wrapped + Ultra Thin (24 liners),$5.39,600+ bought in past month,3.1K,4.1
66,B0CT9LTLYD,https://www.amazon.com/dp/B0CT9LTLYD,"Always Discreet Incontinence Panty Liners for Bladder Leaks, Size 2, Very Light Absorbency, Long Length, 222 Count (2 Packs of 111)",$28.61,1K+ bought in past month,167,4.8
67,B0797HP1FD,https://www.amazon.com/dp/B0797HP1FD,"U by Kotex Balance Daily Wrapped Panty Liners, Light Absorbency, Long, 450 Count (5 Packs of 90) (Packaging May Vary)",$47.50,800+ bought in past month,1K,4.7
68,B07SW13PX4,https://www.amazon.com/dp/B07SW13PX4,"Always Discreet Adult Incontinence Pads for Women, Light Absorbency, Regular Length, Postpartum Pads, 30 Count (3 Packs of 30)",$18.87,9K+ bought in past month,5.6K,4.6
69,B09FD1B6JD,https://www.amazon.com/dp/B09FD1B6JD,"SANDIS Premium 100% Organic Panty Liners - Chemical Free Cotton Ultra Thin Liner for Women | Feminine Sanitary Napkins Unscented Everyday Use Leak Protection (Regular, 36 Count, Wrapped)",$8.99,2K+ bought in past month,599,4.2
70,B09LKLNHSG,https://www.amazon.com/dp/B09LKLNHSG,"Carefree Body Shape Pant Liners, Regular, Multicolor Unscented 54 Count (Pack of 2)",$6.68,($0.06$0.06/count),1.7K,4.8
71,B08W21JZJ8,https://www.amazon.com/dp/B08W21JZJ8,"TENA Sensitive Care Panty Liners for Women, Very Light Absorbency, Extra Coverage, Sensitive Care - 300 Count",$35.63,900+ bought in past month,981,4.3
72,B07JYCQV55,https://www.amazon.com/dp/B07JYCQV55,"An item of Poise Very Light Absorbency Long Incontinence Panty Liners, 132 ct.-",$21.84,800+ bought in past month,1.4K,4.7
73,B08YGN7WB3,https://www.amazon.com/dp/B08YGN7WB3,Always Radiant Daily Liners Long,$13.55,700+ bought in past month,206,4.3
74,B0C4MNM526,https://www.amazon.com/dp/B0C4MNM526,"Attn: Grace Panty Liners for Women - 46 Liners – for Light Urinary Incontinence, Bladder Leakage or Postpartum - 100% Breathable & Plant-Based Materials Active Odor Control - Free from Harsh Chemicals",$10.99,3K+ bought in past month,996,4.5
75,B0CKTZ5S1F,https://www.amazon.com/dp/B0CKTZ5S1F,"Poise Daily Microliners, Incontinence Panty Liners for Bladder Leaks, 1 Drop Lightest Absorbency, Regular, 54 Count of Pantiliners",$6.79,6K+ bought in past month,1K,4.6
76,B08CLYK6RC,https://www.amazon.com/dp/B08CLYK6RC,"Organyc 100% Organic Cotton Inside and Out Incontinence Pads for Bladder Leaks, FSA/HSA Eligible, Maximum Flow, 16 Count",$14.16,400+ bought in past month,745,4.1
77,B0CNWNLSQ6,https://www.amazon.com/dp/B0CNWNLSQ6,"Oi | Organic Initiative Incontinence Liner, Organic Cotton Topsheet, Very Light Bladder Leakage, Breathable and Hypoallergenic, Very Light absorbs up to 1.7 floz (7.1"") 60 Liners",$20.99,100+ bought in past month,108,4.0
78,B004DGFFA2,https://www.amazon.com/dp/B004DGFFA2,"Organyc 100% Certified Organic Cotton Inside and Out Folded Panty Liner, Ultra Thin, Light Flow, 24 Count",$7.49,2K+ bought in past month,2.8K,4.0
79,B0D1ZZBJ8D,https://www.amazon.com/dp/B0D1ZZBJ8D,"Organyc 100% Certified Organic Cotton 2 in 1 Panty Liners for Women Fits Thong or Regular Underwear, Light Flow, 20 Count",$7.49,500+ bought in past month,144,4.5
80,B000FFBMZW,https://www.amazon.com/dp/B000FFBMZW,"Poise Daily Liners, Incontinence Panty Liners for Bladder Leaks, 2 Drop Very Light Absorbency, Long Length, 264 Count of Pantiliners (6 Packs of 44), Packaging May Vary",$32.82,4K+ bought in past month,6.3K,4.8
81,B0029NYQEC,https://www.amazon.com/dp/B0029NYQEC,"Always Anti-Bunch Xtra Protection, Panty Liners For Women, Light Absorbency, Regular Length, Leakguard + Rapiddry, Unsented, 100 Count (Packaging May Vary)",N/A,300+ bought in past month,3.2K,4.7
82,B009HL68DG,https://www.amazon.com/dp/B009HL68DG,Panty Liners Curved 30ct - Panty Liner ( Pack of 3),$19.49,100+ bought in past month,710,3.9
83,B074NB6QG1,https://www.amazon.com/dp/B074NB6QG1,"Carefree Acti-Fresh Body Shape Pantiliners Long To Go Unscented - 42 Liners, Pack of 3 (Packaging May Vary)",$18.08,50+ bought in past month,314,4.7
84,B0FHWX7T63,https://www.amazon.com/dp/B0FHWX7T63,"Pixie Organic Cotton Panty Liners for Women - Long Wrapped Pantiliners - Light Absorbency & Ultra-Thin - Leak-Proof, Hypoallergenic & Unscented - Compostable - 88 Count",$16.95,50+ bought in past month,42,4.3
85,B0CPPMGL92,https://www.amazon.com/dp/B0CPPMGL92,"Ultra Thin Sanitary Pantyliners (Regular, 6.1 inch, 120 Counts) - Ultra Thin, Unscented 100% Organic Cotton Panty Liners for Women. Chemical-Free, Extra Soft, Ideal for Sensitive Skin",$19.90,($0.17$0.17/count),194,3.8
86,B08PCYTBW4,https://www.amazon.com/dp/B08PCYTBW4,"wegreeco Reusable Menstrual Pads - Reusable Sanitary Pads | Reusable Panty Liners | Soft Cloth Menstrual Pads - 6 Pack with 1 Cloth Mini Wet Bag (Small, Flower 02)",$12.99,($2.17$2.17/count),11.5K,4.3
87,B07K316RV1,https://www.amazon.com/dp/B07K316RV1,Prevail Pant Liners - LARGE PLUS Elastic Leg Gathers - 13 X 28 inches! Case of 96 Pads (165-8343),$43.50,200+ bought in past month,103,4.6
88,B012IUH2NW,https://www.amazon.com/dp/B012IUH2NW,"Carefree Acti-Fresh Body Shaped Regular Pantiliners, Fresh Scented, 54 Count (Pack of 1) , Package may vary",N/A,2K+ bought in past month,6.5K,4.5
89,B078YGDGPS,https://www.amazon.com/dp/B078YGDGPS,"U by Kotex Barely There Thin Lines - 50 ct, Pack of 4",$20.85,50+ bought in past month,24,4.9
90,B0000BUZWK,https://www.amazon.com/dp/B0000BUZWK,"Poise Daily Liners, Incontinence Panty Liners for Bladder Leaks, 2 Drop Very Light Absorbency, Long Length, 24 Count of Pantiliners, Packaging May Vary",$4.88,2K+ bought in past month,3K,4.7
91,B00005UCPV,https://www.amazon.com/dp/B00005UCPV,"Poise Pantiliners, 26 Count",$8.82,200+ bought in past month,519,4.7
92,B01IULAV6I,https://www.amazon.com/dp/B01IULAV6I,"Always Infinity Feminine Pads for Women, Flexfoam Pads with Wings, Size 4, Overnight Absorbency, Unscented, 78 Count (3 Packs of 26)",$26.91,6K+ bought in past month,10.5K,4.7
93,B07MTLPYC4,https://www.amazon.com/dp/B07MTLPYC4,Cora Ultra Thin Organic Bladder Liners | Incontinence & Postpartum Pads for Women | Panty Liners for Bladder Leaks | Breathable Cotton (72 Long),$17.99,2K+ bought in past month,3.7K,4.4
94,B08ZJN632Z,https://www.amazon.com/dp/B08ZJN632Z,"Livlit Ultra Thin Panty Liners Sanitary Pads, 100% Certified Organic Cotton from Texas, Light Absorbency, Chlorine Free, Unscented, Hypoallergenic Panty Liners for Women (40 Count)",$9.99,1K+ bought in past month,1.8K,3.9
95,B01IULATV0,https://www.amazon.com/dp/B01IULATV0,"Always Infinity Feminine Pads for Women, Flexfoam Pads with Wings, Size 1, Regular Absorbency, Unscented, 108 Count (3 Packs of 36)",$26.91,7K+ bought in past month,6.2K,4.8
96,B00MNSFYMQ,https://www.amazon.com/dp/B00MNSFYMQ,"Always Anti-Bunch Xtra Protection, Panty Liners For Women, Light Absorbency, Long Length, Leakguard + Rapiddry, Unsented, 80 Count",$7.99,50+ bought in past month,854,4.6
97,B074HBVW8Q,https://www.amazon.com/dp/B074HBVW8Q,"365 by Whole Foods Market, Ultra Thin Pantiliners, Made with Organic Cotton, 24 Count",$7.99,($0.33$0.33/count),76,2.6
98,B00G8DDCEE,https://www.amazon.com/dp/B00G8DDCEE,"Always Ultra Thin Pads with Wings, Size 2, Long Super, 42 Count",$8.94,8K+ bought in past month,3.6K,4.8
99,B001E0X7CI,https://www.amazon.com/dp/B001E0X7CI,"Natracare Organic and Natural Tanga Panty Liners, Thong Style, 30 Count, 3 Boxes (90 Liners Total)",$18.75,300+ bought in past month,250,4.0
100,B07N1B96GH,https://www.amazon.com/dp/B07N1B96GH,"Lefresh Organic Cotton Cover Panty Liners | Long, 80 Count | Unscented - Vegan - Chlorine Free - Daily Feminine Pads - Light Absorbency",$15.12,50+ bought in past month,324,4.1
101,B00G8DDBOU,https://www.amazon.com/dp/B00G8DDBOU,"Always Ultra Thin Pads with Wings, Size 1, Regular, 46 Count",$8.94,30K+ bought in past month,22.2K,4.7
102,B09B7QBVH2,https://www.amazon.com/dp/B09B7QBVH2,"Amazon Basics Regular Absorbency Pads for Women, Ultra Thin with Flexi-Wings, Unscented, Size 1, 36 Count, 1 Pack",$4.88,7K+ bought in past month,11.6K,4.5
103,B071VBZLPX,https://www.amazon.com/dp/B071VBZLPX,"Rael Organic Cotton Cover Pads - Regular Absorbency, Unscented, Ultra Thin Pads with Wings for Women (56 Total)",$23.99,30K+ bought in past month,29.1K,4.7
104,B004VS51B0,https://www.amazon.com/dp/B004VS51B0,"CAREFREE Original Regular To-Go Pantiliners, Fresh Scent 20 ea (6 pack)",N/A,100+ bought in past month,2.6K,4.7
105,B0154QERNA,https://www.amazon.com/dp/B0154QERNA,"Poise Daily Liners, Incontinence Panty Liners for Bladder Leaks, 2 Drop Very Light Absorbency, Long Length, 176 Count of Pantiliners (4 Packs of 44), Packaging May Vary",$21.88,10K+ bought in past month,10.6K,4.7
106,B07BQV78B3,https://www.amazon.com/dp/B07BQV78B3,"U by Kotex Clean & Secure Maxi Pads, Heavy Absorbency, 132 Count (3 Packs of 44) (Packaging May Vary)",$32.97,1K+ bought in past month,3.9K,4.5
107,B00JOLSDD2,https://www.amazon.com/dp/B00JOLSDD2,"Always Xtra Protection Daily Liners, Extra Long 34 ea (Pack of 3)",$21.50,300+ bought in past month,619,4.6
108,B0F1ZJF1J9,https://www.amazon.com/dp/B0F1ZJF1J9,Everyday Liners - Long - 100 Liners with Active Coverage and Vital Volumes Tips Card Bundle,$19.95,($0.20$0.20/count),4,4.2
109,B09B84TZTW,https://www.amazon.com/dp/B09B84TZTW,"NutraBlast Balance Shield Panty Liners - Discharge & Odor-Proof Layers (180mm, 40-Pack)",$12.99,100+ bought in past month,355,4.1
110,B00NJNJ6MS,https://www.amazon.com/dp/B00NJNJ6MS,"Carefree Original Thin Panty Liners, Daily Protection, Long, 92 Count (Pack of 1)",$19.27,500+ bought in past month,4.3K,4.5
111,B00NNTV6VM,https://www.amazon.com/dp/B00NNTV6VM,"Carefree Panty Liners for Women, Regular, Wrapped, Unscented, 20ct | Pantiliners, Carefree Liners, Daily Liners for Women, Light Periods and Leaks, 8-Hour Odor Control | 20ct (Packaging May Vary)",N/A,800+ bought in past month,532,4.6
112,B000VI3LNE,https://www.amazon.com/dp/B000VI3LNE,"Natracare Cotton Natural Feminine Ultra Pads Regular With Wings By Natracare, 14 Ea, 14 Count",$10.85,1K+ bought in past month,667,4.5
113,B013AX7QJQ,https://www.amazon.com/dp/B013AX7QJQ,"Veeda Natural Cotton Ultra Thin Panty Liners for Women - Breathable Thin Daily Liners are Always Chlorine, and Toxin Free - Hypoallergenic & Comfortable Pantyliners - 40 Count",$9.49,300+ bought in past month,2.5K,4.1
114,B002OTUYKG,https://www.amazon.com/dp/B002OTUYKG,"Always Thin Daily Panty Liners For Women, Light Absorbency, Unscented, 120 Count",N/A,200+ bought in past month,366,4.5
115,B002LMMGW0,https://www.amazon.com/dp/B002LMMGW0,"natracare Panty Liners, Cotton, 22 ct, 5 Boxes (110 Liners Total)",$28.12,50+ bought in past month,426,4.6
116,B00KXUW2FS,https://www.amazon.com/dp/B00KXUW2FS,"Always Discreet Adult Incontinence Pads for Women, Moderate Absorbency, Long Length, Postpartum Pads, 54 Count",$14.97,10K+ bought in past month,25.7K,4.6
117,B0BG3G11V2,https://www.amazon.com/dp/B0BG3G11V2,"Always Ultra Thin Overnight Pads with Wings, Size 4, Overnight, 96 Count (3 Packs of 32)",$21.96,6K+ bought in past month,1.7K,4.7
118,B00J4YWSEE,https://www.amazon.com/dp/B00J4YWSEE,"Always Ultra Thin Pads with Wings, Size 2, Long Super, 58 Count",$11.44,10K+ bought in past month,20.3K,4.7
119,B0D1ZZBJ8D,https://www.amazon.com/dp/B0D1ZZBJ8D,"Organyc 100% Certified Organic Cotton 2 in 1 Panty Liners for Women Fits Thong or Regular Underwear, Light Flow, 20 Count",$7.49,500+ bought in past month,144,4.5
120,B0F1TKB6YQ,https://www.amazon.com/dp/B0F1TKB6YQ,"MODAL Panty Liners for Women, Unscented Sanitary Pads with Wings, Daily Thin Panty Liners, 7.5 Inch(190 mm), Mini, 20 Count",$9.99,($0.50$0.50/count),75,4.4
121,B0949JRVNQ,https://www.amazon.com/dp/B0949JRVNQ,"Attn: Grace Moderate Incontinence Pads for Women, 28-Pack - High Absorbency, Breathable, Plant-Based - Incontinence Pads for Moderate Bladder Leaks & Sensitive Skin",$15.96,4K+ bought in past month,3.4K,4.2
122,B08JM9X93F,https://www.amazon.com/dp/B08JM9X93F,Veeda Natural Adult Incontinence Underwear for Women - Postpartum Underwear for Bladder Leakage Protection - Disposable Underwear with Maximum Absorbency - Large Size - 12 Count,$16.50,($1.38$1.38/count),446,4.0
123,B013AX7QJQ,https://www.amazon.com/dp/B013AX7QJQ,"Veeda Natural Cotton Ultra Thin Panty Liners for Women - Breathable Thin Daily Liners are Always Chlorine, and Toxin Free - Hypoallergenic & Comfortable Pantyliners - 40 Count",$9.49,300+ bought in past month,2.5K,4.1
124,B09B7QBVH2,https://www.amazon.com/dp/B09B7QBVH2,"Amazon Basics Regular Absorbency Pads for Women, Ultra Thin with Flexi-Wings, Unscented, Size 1, 36 Count, 1 Pack",$4.88,7K+ bought in past month,11.6K,4.5
125,B0BZFB8TQH,https://www.amazon.com/dp/B0BZFB8TQH,The Honey Pot Company - Herbal Panty Liners for Women - Heavy Flow w/Wings - Infused w/Essential Oils for Cooling Effect & Organic Cotton Cover - Feminine Care - 20 ct,$8.49,800+ bought in past month,3K,4.7
126,B09B7W9F9F,https://www.amazon.com/dp/B09B7W9F9F,"Amazon Basics Women's Incontinence Pads, Bladder Control & Postpartum, Light Absorbency, Unscented, 30 Count, (1 Pack of 30)",$6.45,10K+ bought in past month,23.3K,4.3
127,B016IS3536,https://www.amazon.com/dp/B016IS3536,"Always Discreet Adult Incontinence Pads for Women, Extra Heavy Absorbency, Long Length, Postpartum Pads, 45 Count",$22.97,10K+ bought in past month,12.4K,4.5
128,B00J4YWSEE,https://www.amazon.com/dp/B00J4YWSEE,"Always Ultra Thin Pads with Wings, Size 2, Long Super, 58 Count",$11.44,10K+ bought in past month,20.3K,4.7
129,B00G8DDCEE,https://www.amazon.com/dp/B00G8DDCEE,"Always Ultra Thin Pads with Wings, Size 2, Long Super, 42 Count",$8.94,8K+ bought in past month,3.6K,4.8
130,B000VI3LNE,https://www.amazon.com/dp/B000VI3LNE,"Natracare Cotton Natural Feminine Ultra Pads Regular With Wings By Natracare, 14 Ea, 14 Count",$10.85,1K+ bought in past month,667,4.5
131,B004VS50VG,https://www.amazon.com/dp/B004VS50VG,"Carefree Body Shape Thin Unscented, 60 Count (Pack of 2)",N/A,100+ bought in past month,2.4K,4.6
132,B0D1ZZBJ8D,https://www.amazon.com/dp/B0D1ZZBJ8D,"Organyc 100% Certified Organic Cotton 2 in 1 Panty Liners for Women Fits Thong or Regular Underwear, Light Flow, 20 Count",$7.49,500+ bought in past month,144,4.5
133,B003T0F8V4,https://www.amazon.com/dp/B003T0F8V4,Always Thin Pantiliners - scented - 20 pack (Case of 24),$36.82,100+ bought in past month,60,4.8
134,B082VYDVYV,https://www.amazon.com/dp/B082VYDVYV,"U by Kotex Balance Teen Ultra Thin Pads with Wings, Heavy Absorbency, 56 Count (4 Packs of 14) (Packaging May Vary)",$13.96,7K+ bought in past month,7.6K,4.7
135,B004DGMNJS,https://www.amazon.com/dp/B004DGMNJS,"Organyc 100% Certified Organic Cotton Flat Panty Liner - Everyday Sanitary Pad, Free from Wood Pulp, Perfumes, SAP and Chemicals - Light Flow+, 24 Count",$7.00,500+ bought in past month,2.2K,3.9
136,B0CPPMGL92,https://www.amazon.com/dp/B0CPPMGL92,"Ultra Thin Sanitary Pantyliners (Regular, 6.1 inch, 120 Counts) - Ultra Thin, Unscented 100% Organic Cotton Panty Liners for Women. Chemical-Free, Extra Soft, Ideal for Sensitive Skin",$19.90,($0.17$0.17/count),194,3.8
137,B004DGFFA2,https://www.amazon.com/dp/B004DGFFA2,"Organyc 100% Certified Organic Cotton Inside and Out Folded Panty Liner, Ultra Thin, Light Flow, 24 Count",$7.49,2K+ bought in past month,2.8K,4.0
138,B0BG3G11V2,https://www.amazon.com/dp/B0BG3G11V2,"Always Ultra Thin Overnight Pads with Wings, Size 4, Overnight, 96 Count (3 Packs of 32)",$21.96,6K+ bought in past month,1.7K,4.7
139,B07M7GVGJW,https://www.amazon.com/dp/B07M7GVGJW,"L. Chlorine Free Ultra Thin Liners Regular Absorbency, Organic Cotton, Free of Chlorine Bleaching, Pesticides, Fragrances, or Dyes, 100 Count",N/A,100+ bought in past month,668,4.6
140,B07NLXKYWN,https://www.amazon.com/dp/B07NLXKYWN,"Always Infinity Feminine Pads for Women, Flexfoam Pads with Wings, Size 5, Extra Heavy Overnight Absorbency, Unscented, 66 Count (3 Packs of 22)",$23.99,10K+ bought in past month,13.3K,4.7
141,B07B814P8F,https://www.amazon.com/dp/B07B814P8F,"Always Radiant Feminine Pads for Women, Flexfoam Pads with Wings, Size 1, Regular Absorbency, Lightly Scented, 42 Count",$11.47,4K+ bought in past month,1.4K,4.8
142,B08PCYTBW4,https://www.amazon.com/dp/B08PCYTBW4,"wegreeco Reusable Menstrual Pads - Reusable Sanitary Pads | Reusable Panty Liners | Soft Cloth Menstrual Pads - 6 Pack with 1 Cloth Mini Wet Bag (Small, Flower 02)",$12.99,($2.17$2.17/count),11.5K,4.3
143,B0DZ2DQZD4,https://www.amazon.com/dp/B0DZ2DQZD4,"PHOGARY 7 Packs Reusable Menstrual Pads with Wings for Women, Washable Overnight Cloth Panty Liners Sanitary Pads for Heavy Flow with Wet Bag",$15.99,($64.76$64.76/ounce),5,4.7
144,B09B84TZTW,https://www.amazon.com/dp/B09B84TZTW,"NutraBlast Balance Shield Panty Liners - Discharge & Odor-Proof Layers (180mm, 40-Pack)",$12.99,100+ bought in past month,355,4.1
145,B0DZ2FQK15,https://www.amazon.com/dp/B0DZ2FQK15,"PHOGARY 7 Packs Reusable Menstrual Pads with Wings, Breathable Mesh Surface Cloth Sanitary Pads for Heavy Flow with Wet Bag, Washable Overnight Cloth Panty Liners for Women",$15.99,($2.28$2.28/count),2,5.0
146,B07BQV78B3,https://www.amazon.com/dp/B07BQV78B3,"U by Kotex Clean & Secure Maxi Pads, Heavy Absorbency, 132 Count (3 Packs of 44) (Packaging May Vary)",$32.97,1K+ bought in past month,3.9K,4.5
147,B001LK6QJW,https://www.amazon.com/dp/B001LK6QJW,"Always Dailies Regular, Thin, Unscented Pantiliners, 60 Count - Pack of 2 (120 Total Count)",$16.05,100+ bought in past month,309,4.5
148,B09B7L2BPB,https://www.amazon.com/dp/B09B7L2BPB,"Amazon Basics Maxi Pads For Periods- Thick, Super Absorbency, Unscented, 48 Count, 1 Pack",$5.42,20K+ bought in past month,10.3K,4.4
149,B0BLGFR9H8,https://www.amazon.com/dp/B0BLGFR9H8,"U by Kotex Balance Ultra Thin Pads with Wings, Regular Absorbency, 50 Count (Packaging May Vary)",$6.49,10K+ bought in past month,5.9K,4.7
150,B0CNWNLSQ6,https://www.amazon.com/dp/B0CNWNLSQ6,"Oi | Organic Initiative Incontinence Liner, Organic Cotton Topsheet, Very Light Bladder Leakage, Breathable and Hypoallergenic, Very Light absorbs up to 1.7 floz (7.1"") 60 Liners",$20.99,100+ bought in past month,108,4.0
151,B0DQW8DT2D,https://www.amazon.com/dp/B0DQW8DT2D,"Reusable Menstrual Pads,Washable Sanitary Napkins with Wings for Women,Reusable Panty Liners,Soft Cloth Menstrual Pads,7pcs/Set,Pack of 6+1 Storage Bag,Suitable for Menstrual Period",$24.99,($24.99$24.99/count),4,5.0
152,B0CWDWKYNW,https://www.amazon.com/dp/B0CWDWKYNW,"uNeat Panty Liners for Women & Teens, Pantiliners with Wings, Mini Sanitary Pads, Light Periods and Leaks, Ultra Thin Daily Liners for Women,30 Count",$5.99,200+ bought in past month,165,4.3
153,B0B3R365YL,https://www.amazon.com/dp/B0B3R365YL,"Pinkie Period Starter Pads - Designed for Smaller Underwear - Organic Cotton Topsheet Tween & Teen Pads with Wings - Chlorine Free & Fragrance Free - Teen Mini, 18 Count",$8.98,4K+ bought in past month,2K,4.7
154,B004VS51CY,https://www.amazon.com/dp/B004VS51CY,"Carefree Body Shape Extra Long Unscented, 36-count (Pack of 2)",$17.00,50+ bought in past month,208,4.6
155,B0169T59FG,https://www.amazon.com/dp/B0169T59FG,Natracare Natural Curved Panty Liners - 30 Pack - Organic Cotton Cover - Chlorine Free,$9.36,($0.31$0.31/count),24,3.2
156,B0BSR94ZQ5,https://www.amazon.com/dp/B0BSR94ZQ5,"Always Radiant Teen Pads, Size 1, Regular, with Wings, Unscented, 42 Count",$11.47,10K+ bought in past month,7.9K,4.8
157,B084S1JLX1,https://www.amazon.com/dp/B084S1JLX1,"Always Pure Cotton Feminine Pads for Women, FlexFoam Pads with Wings, Size 1, Regular Absorbency, Unscented, 84 Count (3 Packs of 28)",$26.91,4K+ bought in past month,2.4K,4.7
158,B001DWNTBG,https://www.amazon.com/dp/B001DWNTBG,"Always Maxi Feminine Pads Without Wings for Women, Size 1, Regular Absorbency, Unscented 48 Count",$6.27,10K+ bought in past month,4.6K,4.5
159,B01HODORIQ,https://www.amazon.com/dp/B01HODORIQ,"Always Radiant Feminine Pads for Women, Flexfoam Pads with Wings, Size 2, Heavy Absorbency, Lightly Scented, 78 Count (3 Packs of 26)",$23.91,7K+ bought in past month,10.7K,4.8
160,B08CM45JDR,https://www.amazon.com/dp/B08CM45JDR,"Organyc 100% Organic Cotton Inside and Out Light Incontinence Liners for Bladder Leakage Control, FSA/HSA Eligible, Ultra Thin, Light Flow, 24 Count",$7.89,300+ bought in past month,357,3.8
161,B01IZ5EHJG,https://www.amazon.com/dp/B01IZ5EHJG,"Always Ultra Thin Overnight Pads with Wings, Size 4, Overnight, 78 Count (3 Packs of 26)",$18.39,9K+ bought in past month,20.3K,4.7
162,B00J7L59K4,https://www.amazon.com/dp/B00J7L59K4,"Always Infinity Feminine Pads for Women, Flexfoam Pads with Wings, Size 2, Heavy Absorbency, Unscented, 46 Count",$11.47,20K+ bought in past month,11.7K,4.8
163,B01IQXXUFO,https://www.amazon.com/dp/B01IQXXUFO,"Always Radiant Feminine Pads for Women, Flexfoam Pads with Wings, Size 4, Overnight Absorbency, Lightly Scented, 60 Count (3 Packs of 20)",$24.49,6K+ bought in past month,10.2K,4.8
164,B0BLGS63VD,https://www.amazon.com/dp/B0BLGS63VD,"U by Kotex Balance Ultra Thin Pads with Wings, Overnight Absorbency, 38 Count",$9.97,7K+ bought in past month,4.8K,4.7
165,B07NLSLP9K,https://www.amazon.com/dp/B07NLSLP9K,"Always Radiant Feminine Pads for Women, Flexfoam Pads with Wings, Size 5, Extra Heavy Overnight Absorbency, Lightly Scented, 54 Count (3 Packs of 18)",$22.99,10K+ bought in past month,9.5K,4.7
166,B00TO70LGS,https://www.amazon.com/dp/B00TO70LGS,"U by Kotex Lightdays Panty Liners, Regular, 129 Count",N/A,No featured offers available,1.7K,4.3
167,B00NAZ32P2,https://www.amazon.com/dp/B00NAZ32P2,"Poise Incontinence Panty Liners, Very Light Absorbency, Regular Length (26 Count)",$10.00,($0.38$0.38/count),1.5K,4.7
168,B00D4XQM3O,https://www.amazon.com/dp/B00D4XQM3O,Kotex Security Ultra Thin Pads Long 20 Each,$8.81,500+ bought in past month,327,4.6
169,B0054BMRS8,https://www.amazon.com/dp/B0054BMRS8,"Carefree Body Shape Long To-Go Pantiliners, Unscented - 42 ct",N/A,100+ bought in past month,156,4.5
170,B00VIP6IQG,https://www.amazon.com/dp/B00VIP6IQG,"Organic & Natural Panty Liners,Normal Natracare 18 Liners Box",$7.83,50+ bought in past month,74,3.8
171,B0C4Z4VBSK,https://www.amazon.com/dp/B0C4Z4VBSK,"Inertia PureComfort Organic Panty Liners: Ultra-Soft, Chemical-Free Protection for Everyday Comfort (Pack of 1)",$6.79,100+ bought in past month,55,4.3
172,B0006GQ4T4,https://www.amazon.com/dp/B0006GQ4T4,"Always Liner, Regular, 0.2 lb, Lavender",N/A,300+ bought in past month,677,4.5
173,B084RZTTVW,https://www.amazon.com/dp/B084RZTTVW,"Always Pure Cotton Feminine Pads for Women, FlexFoam Pads with Wings, Size 2, Heavy Absorbency, Unscented, 72 Count (3 Packs of 24)",$26.91,7K+ bought in past month,3.1K,4.8
174,B0CP8NPP61,https://www.amazon.com/dp/B0CP8NPP61,"Always Pocket Flexfoam Pads, Size 2, Heavy, with Wings, 20 Count",$8.88,8K+ bought in past month,991,4.6
175,B01MSZJW51,https://www.amazon.com/dp/B01MSZJW51,"Always Infinity Feminine Pads for Women, Flexfoam Pads with Wings, Size 3, Extra Heavy Absorbency, Unscented, 84 Count (3 Packs of 28)",$26.91,8K+ bought in past month,8.6K,4.7
176,B0BJPCBC7X,https://www.amazon.com/dp/B0BJPCBC7X,"Saba Diarios Multishape Pantiliners, Ultra Thin & Discreet Panty Liners for Women, Designed for All Body Types, 240 Count (8 Packs of 30)",$12.99,50+ bought in past month,80,4.3
177,B0D14W4NYC,https://www.amazon.com/dp/B0D14W4NYC,"U by Kotex Clean & Secure Panty Liners, Light Absorbency, Extra Coverage, 112 Count (Packaging May Vary) (Pack of 2)",$16.74,($0.07$0.07/count),30,4.6
178,B00NAZ4QUM,https://www.amazon.com/dp/B00NAZ4QUM,"U by Kotex Barely There Liners, Light Absorbency, Unscented",$6.49,700+ bought in past month,694,4.6
179,B01AC9JV0I,https://www.amazon.com/dp/B01AC9JV0I,"Carefree Extra Long Panty Liners, Unscented, Multi-Fluid Protection, 36 Count (Pack of 5)",$25.98,200+ bought in past month,70,4.8
180,B08R3WLHDD,https://www.amazon.com/dp/B08R3WLHDD,"SUNKISS TrustPlus Unisex Incontinence Disposable Underwear, Heavy Absorbency, Barrier Leak Protection, Odor Control, 16 Count, Small/Medium",$19.98,($1.25$1.25/count),3.5K,4.1
181,B004DGH596,https://www.amazon.com/dp/B004DGH596,"Organyc - 100% Certified Organic Cotton Feminine Pads - Heavy Flow, 10 Count (Pack of 1) (B003ART1JG)",$7.63,800+ bought in past month,1.7K,4.3
182,B0F1TKB6YQ,https://www.amazon.com/dp/B0F1TKB6YQ,"MODAL Panty Liners for Women, Unscented Sanitary Pads with Wings, Daily Thin Panty Liners, 7.5 Inch(190 mm), Mini, 20 Count",$9.99,($0.50$0.50/count),75,4.4
183,B01FSKRBJE,https://www.amazon.com/dp/B01FSKRBJE,"Medline ContourPlus Bladder Control Pads, Maximum Absorbency, 6.5 x 13.5 Inches, Bag of 28",$16.31,300+ bought in past month,2.5K,4.2
184,B01AC9JV0I,https://www.amazon.com/dp/B01AC9JV0I,"Carefree Extra Long Panty Liners, Unscented, Multi-Fluid Protection, 36 Count (Pack of 5)",$25.98,200+ bought in past month,70,4.8
185,B074JCBQWB,https://www.amazon.com/dp/B074JCBQWB,"Always Ultra Thin Long Super Pads, 20 Count, (Pack of 2)",$18.98,100+ bought in past month,351,4.2
186,B078G2QT1D,https://www.amazon.com/dp/B078G2QT1D,Natracare Panty Liners Mini 30 Count (6 Pack),$32.99,100+ bought in past month,100,4.7
187,B08ZMSXLPN,https://www.amazon.com/dp/B08ZMSXLPN,"Eco by Naty Panty Liners for Women – Liners for Daily use, Eco-Friendly Women’s Thin Discreet Panty Liners with Organic Cotton to Keep You Fresh (32 Count)",$4.89,50+ bought in past month,910,3.9
188,B074J5L7RL,https://www.amazon.com/dp/B074J5L7RL,"365 by Whole Foods Market, Ultra Thin Pads with Wings, Regular Absorbency, Made with Organic Cotton, 10 Count",$6.79,300+ bought in past month,100,4.4
189,B0175Y2SRQ,https://www.amazon.com/dp/B0175Y2SRQ,"U by Kotex Absorbent Pantiliners, Long, Individually Wrapped, Unscented, New Value Pack Size 16 Count (Pack of 12)",N/A,No featured offers available,77,4.8
190,B00SX07AH0,https://www.amazon.com/dp/B00SX07AH0,"Carefree Original Regular Fresh Scent - 20 Liners, Pack of 4",N/A,100+ bought in past month,80,4.5
191,B01IULAZ5K,https://www.amazon.com/dp/B01IULAZ5K,"Always Infinity Feminine Pads for Women, Flexfoam Pads without Wings, Size 2, Heavy Absorbency, Unscented, 96 Count (3 Packs of 32)",$26.82,2K+ bought in past month,2.9K,4.7
192,B074J7QFWP,https://www.amazon.com/dp/B074J7QFWP,"365 by Whole Foods Market, Ultra Thin Pads, Made with Organic Cotton Pads, Super, 10 ct",$7.99,300+ bought in past month,156,4.3
193,B0D92R4SF3,https://www.amazon.com/dp/B0D92R4SF3,Saba V-Confident Long Liner 800 ct (20 Packs of 40 ct),N/A,No featured offers available,N/A,N/A
194,B084ZR9JTH,https://www.amazon.com/dp/B084ZR9JTH,"Always Radiant Daily Liners Light Absorbency, Long Length, Up to 100% Odor Free and Fragrance Free, with Edge-2-Edge Adhesive, 92 ( individually wrapped )",N/A,50+ bought in past month,1.8K,4.5
195,B0D14W87NR,https://www.amazon.com/dp/B0D14W87NR,"Poise Daily Incontinence Panty Liners, 2 Drop Very Light Absorbency, Regular, 48 Count of Pantiliners, Packaging May Vary (Pack of 2)",$12.82,($0.13$0.13/count),289,4.8
196,B0D15DHQ24,https://www.amazon.com/dp/B0D15DHQ24,"U by Kotex Clean & Secure Panty Liners, Light Absorbency, Long Length, 126 Count (Packaging May Vary) (Pack of 2)",$15.58,($0.06$0.06/count),28,4.8
197,B0FHWTGF3P,https://www.amazon.com/dp/B0FHWTGF3P,"Pixie Organic Cotton Panty Liners for Women - Regular Wrapped Pantiliners - Light Absorbency & Ultra-Thin - Leak-Proof, Hypoallergenic & Unscented - Compostable - 44 Count",$8.95,100+ bought in past month,42,4.3
198,B08SGK7P2F,https://www.amazon.com/dp/B08SGK7P2F,"U by Kotex Clean & Secure Overnight Maxi Pads with Wings, Extra Heavy Absorbency, 48 Count (2 Packs of 24) (Packaging May Vary)",$21.98,1K+ bought in past month,3.8K,4.6
199,B0F1TMWP1J,https://www.amazon.com/dp/B0F1TMWP1J,"BST Panty Liners for Women, Daily Thin Panty Liners with Wings, Herbal Sanitary Pads with Camellia and Mint Scent, 7.5 Inch(190 mm), Mini, 10 Count",$4.99,($0.50$0.50/count),61,4.3
200,B08PCYTBW4,https://www.amazon.com/dp/B08PCYTBW4,"wegreeco Reusable Menstrual Pads - Reusable Sanitary Pads | Reusable Panty Liners | Soft Cloth Menstrual Pads - 6 Pack with 1 Cloth Mini Wet Bag (Small, Flower 02)",$12.99,($2.17$2.17/count),11.5K,4.3
201,B013AX7QJQ,https://www.amazon.com/dp/B013AX7QJQ,"Veeda Natural Cotton Ultra Thin Panty Liners for Women - Breathable Thin Daily Liners are Always Chlorine, and Toxin Free - Hypoallergenic & Comfortable Pantyliners - 40 Count",$9.49,300+ bought in past month,2.5K,4.1
202,B0FHWSZPYT,https://www.amazon.com/dp/B0FHWSZPYT,"Pixie Organic Cotton Panty Liners for Women - Long Wrapped Pantiliners - Light Absorbency & Ultra-Thin - Leak-Proof, Hypoallergenic & Unscented - Compostable - 44 Count",$9.95,100+ bought in past month,42,4.3
203,B0CPPMGL92,https://www.amazon.com/dp/B0CPPMGL92,"Ultra Thin Sanitary Pantyliners (Regular, 6.1 inch, 120 Counts) - Ultra Thin, Unscented 100% Organic Cotton Panty Liners for Women. Chemical-Free, Extra Soft, Ideal for Sensitive Skin",$19.90,($0.17$0.17/count),194,3.8
204,B018E6TTAI,https://www.amazon.com/dp/B018E6TTAI,"Carefree Acti-Fresh Body Shaped Panty Liners, Flexible Protection that Molds to Your Body, Long, 112 Count (Pack of 1)",$29.66,100+ bought in past month,10.2K,4.7
205,B0C4NQH7R3,https://www.amazon.com/dp/B0C4NQH7R3,"Ultra Thin Sanitary Pantyliners (Regular, 6.1 inch, 40 Counts) - Ultra Thin, Unscented 100% Organic Cotton Panty Liners for Women. Chemical-Free, Extra Soft, Ideal for Sensitive Skin",$8.99,100+ bought in past month,194,3.8
206,B004VLUIII,https://www.amazon.com/dp/B004VLUIII,Carefree Acti-Fresh Body Shape Thin Unscented Pantiliners - 60 Ct,$9.89,($0.16$0.16/count),1,2.0
207,B09B7PPZG9,https://www.amazon.com/dp/B09B7PPZG9,"Amazon Basics Thick Maxi Pads with Flexi-Wings for Periods, Long Length, Super Absorbency, Unscented, Size 2, 32 Count, 1 Pack (Previously Solimo)",$5.68,3K+ bought in past month,13K,4.4
208,B0DQW8DT2D,https://www.amazon.com/dp/B0DQW8DT2D,"Reusable Menstrual Pads,Washable Sanitary Napkins with Wings for Women,Reusable Panty Liners,Soft Cloth Menstrual Pads,7pcs/Set,Pack of 6+1 Storage Bag,Suitable for Menstrual Period",$24.99,($24.99$24.99/count),4,5.0
209,B09B84TZTW,https://www.amazon.com/dp/B09B84TZTW,"NutraBlast Balance Shield Panty Liners - Discharge & Odor-Proof Layers (180mm, 40-Pack)",$12.99,100+ bought in past month,355,4.1
210,B0FG2HF6KY,https://www.amazon.com/dp/B0FG2HF6KY,"Le Ciel Organic Cotton Panty Liners – Long Length, Breathable and Soft Cover (18 Count)",$14.90,($0.83$0.83/count),N/A,N/A
211,B0DFZTY7F8,https://www.amazon.com/dp/B0DFZTY7F8,"LOLA Panty Liners - 56 Count - Cotton Top Sheet & Core, Breathable Daily Liners for Women - Hypoallergenic Unscented Organic Pads for Women",$18.97,2K+ bought in past month,409,4.2
212,B0CXF7S9SD,https://www.amazon.com/dp/B0CXF7S9SD,"Carefree Panty Liners, Extra Long & Long, Unscented, 192ct (Packaging May Vary)",$13.56,List: ,7,5.0
213,B0F1TMC7D3,https://www.amazon.com/dp/B0F1TMC7D3,"MODAL Panty Liners for Women, Unscented Sanitary Pads with Wings, Daily Thin Panty Liners, 7.5 Inch(190 mm), Mini, 10 Count",$5.99,($0.60$0.60/count),75,4.4
214,B012P5FW8C,https://www.amazon.com/dp/B012P5FW8C,"Always Radiant Daily Feminine Panty Liners For Women, Regular Absorbency, Unscented, 96 Count(Pack of 1)",N/A,No featured offers available,2.4K,4.7
215,B01HHCEXLA,https://www.amazon.com/dp/B01HHCEXLA,"Rael Reusable Panty Liners Menstrual, Organic Cotton Cover, Period Essential, Cloth Pantyliner for Women, Washable, Soft and Thin, Leak-Free, Washing Machine Safe (5 Count, Brown)",$39.99,100+ bought in past month,1.4K,4.3
216,B0CDQ49C53,https://www.amazon.com/dp/B0CDQ49C53,"U by Kotex, Balance Heavy Ultra Thin Pads + Wings, 16 Count",$9.80,50+ bought in past month,16,4.4
217,B0CJCH9W4M,https://www.amazon.com/dp/B0CJCH9W4M,Feel Normal Disposable Black Panty Liners for Women 36 pcs with Protective Layer for Extra Protection Against Leaks,$15.10,100+ bought in past month,65,4.2
218,B098F8KB81,https://www.amazon.com/dp/B098F8KB81,The Honey Pot Company - Herbal Panty Liners for Women - Organic Incontinence w/Wings - Infused w/Essential Oils for Cooling Effect - Postpartum Essentials - Feminine Care - 20ct,$9.49,400+ bought in past month,513,4.6
219,B0CZ7FVDQ4,https://www.amazon.com/dp/B0CZ7FVDQ4,"Flex Bamboo Panty Liners | Ultra Thin Daily Pantyliners | Comfortable Fragrance-Free Feminine Care Liners | 100% Bamboo | 7.08” Long, 10mL Absorbency | Helps Fight Odor | (2-Pack, 100 Liners Total)",$15.99,50+ bought in past month,78,3.8
220,B0054BMMVK,https://www.amazon.com/dp/B0054BMMVK,"CAREFREE Original Regular to Go Pantiliners, Unscented 54 ea, Pink",$30.99,50+ bought in past month,249,4.4
221,B082JFD12P,https://www.amazon.com/dp/B082JFD12P,"Always Discreet Boutique Incontinence Pads, for Bladder Leaks, Moderate Absorbency, Regular Length, 144 Count (3 Packs of 48)",$41.64,2K+ bought in past month,2.8K,4.6
222,B002OTJSPI,https://www.amazon.com/dp/B002OTJSPI,"Always Thin Mince, Wrapped, 60 Count",$17.50,300+ bought in past month,2.7K,4.6
223,B00OW7KZT8,https://www.amazon.com/dp/B00OW7KZT8,Always Thin Active,N/A,No featured offers available,218,4.1
224,B00IT4COVC,https://www.amazon.com/dp/B00IT4COVC,"Kotex Lightdays Liner, Long, 16 Count, (Pack of 6)",$17.49,100+ bought in past month,369,4.7
225,B08RJFFGZT,https://www.amazon.com/dp/B08RJFFGZT,"Poise Ultra Thin Incontinence Pads & Postpartum Pads for Bladder Leaks, 4 Drop Moderate Absorbency, Long Length, 48 Count, Packaging May Vary",$15.29,2K+ bought in past month,13.9K,4.6
226,B001E11PYE,https://www.amazon.com/dp/B001E11PYE,"NATRACARE PANTY LINER,TANGA, 30 CT",$8.70,100+ bought in past month,10,4.1
227,B08HRRTCZF,https://www.amazon.com/dp/B08HRRTCZF,"Made in EU - Ultra-Thin Reusable Panty Liners (Medium, 7-Pack) – High-Temp Washable Cloth Panty Liners for Women – Durable & Breathable Organic Cotton Keeps You Fresh & Dry for Daily Vaginal Discharge",$57.97,($8.28$8.28/count),4.5K,4.2
228,B018JQKM9A,https://www.amazon.com/dp/B018JQKM9A,"U by Kotex Barely There Liners, Light Absorbency, Unscented",$13.99,($0.78$0.78/count),768,4.7
229,B0DK7TGW38,https://www.amazon.com/dp/B0DK7TGW38,"Poise Daily Thong Liners, Incontinence Panty Liners for Bladder Leaks, 1 Drop Lightest Absorbency, 50 Count of Pantiliners",N/A,1K+ bought in past month,83,4.4
230,B07BQV8NLJ,https://www.amazon.com/dp/B07BQV8NLJ,"Poise Daily Microliners, Incontinence Panty Liners, Lightest Absorbency, Long, 50 Count",$11.88,100+ bought in past month,2.8K,4.6
231,B0D14VZ61N,https://www.amazon.com/dp/B0D14VZ61N,"U by Kotex Balance Wrapped Panty Liners, Regular Length, 80 Count (Packaging May Vary) (Pack of 2)",$7.00,($0.04$0.04/count),28,4.6
232,B008UR8LBA,https://www.amazon.com/dp/B008UR8LBA,"Carefree Body Shape Pantiliners, Extra Long To Go Unscented, 36 ct",$3.58,100+ bought in past month,639,4.6
233,B093WP1C1H,https://www.amazon.com/dp/B093WP1C1H,"Amazon Basics Ultra Thin Pads with Flexi-Wings for Periods, Extra Long Length, Super Absorbency, Unscented, Size 3, 28 Count, 1 Pack (Previously Solimo)",$4.60,5K+ bought in past month,2.2K,4.5
234,B076HC781C,https://www.amazon.com/dp/B076HC781C,"Oi l Organic Initiative - Ultra-Thin Pantyliner, 100% Certified Organic Cotton | Biodegradable, Free from Chlorine Bleaching, Pesticides, Toxic Chemicals | 80 Liners",$20.99,100+ bought in past month,225,4.0
235,B00NNZSOGG,https://www.amazon.com/dp/B00NNZSOGG,"Organyc 100% Certified Organic Cotton Everyday Panty Liner, Folded, Light Flow, 24 Count, 1-Pack",$12.76,($0.53$0.53/count),260,4.2
236,B0F2P41N8N,https://www.amazon.com/dp/B0F2P41N8N,Veeda Natural Premium Ultra Thin Panty Liners for Women - Breathable Thin Daily Liners are Always Chlorine and Toxin Free - Hypoallergenic Pantiliners - Petite Lite Absorbency - 92 Count,$14.77,50+ bought in past month,646,3.8
237,B01GTGZXVE,https://www.amazon.com/dp/B01GTGZXVE,"U by Kotex Curves Panty Liners, Regular, 80 Count (Pack of 6)",$23.17,($0.05$0.05/count),7,2.2
238,B07FDG7TLK,https://www.amazon.com/dp/B07FDG7TLK,PEESAFE Panty Liners for Women Daily Use with Aloe Vera (Pack of 50 Liners)| Curvy Design for Extra Comfort | Cottony-Soft Surface with 185mm Wide | Keeps You Dry & Fresh All Day Long,$9.99,($0.20$0.20/count),11.5K,4.3
239,B0D5ZPP9K1,https://www.amazon.com/dp/B0D5ZPP9K1,Micro Pantyliners,$9.99,50+ bought in past month,31,4.1
240,B0CFG8VD9W,https://www.amazon.com/dp/B0CFG8VD9W,"Livlit Regular Size Ultra Thin Sanitary Pads, 100% Organic Cotton from Texas, Powerful Leak Protection, Unscented, Chlorine Free and Absorbency of Feminine Periods, Pads for Women (14 Count)",$9.99,100+ bought in past month,1.8K,3.9
241,B013DQOFOY,https://www.amazon.com/dp/B013DQOFOY,Veeda Natural Cotton Night Pads for Women - Overnight Heavy Flow Absorbent Ultra-Thin Feminine Pad - Hypoallergenic Period pads with Wings - Unscented & Chlorine free Sanitary Napkins - 12 Count,$5.85,100+ bought in past month,857,4.4
242,B08R3WLHDD,https://www.amazon.com/dp/B08R3WLHDD,"SUNKISS TrustPlus Unisex Incontinence Disposable Underwear, Heavy Absorbency, Barrier Leak Protection, Odor Control, 16 Count, Small/Medium",$19.98,($1.25$1.25/count),3.5K,4.1
243,B0BLGRQHCQ,https://www.amazon.com/dp/B0BLGRQHCQ,"Poise Incontinence & Postpartum Pads for Bladder Leaks, 7 Drop Ultra Absorbency, Long Length, 78 Count, Packaging May Vary",$42.96,10K+ bought in past month,3K,4.6
244,B073V2VLLK,https://www.amazon.com/dp/B073V2VLLK,Carefree Acti-Fresh Regular 54 Ct. Unscented 2pk,$14.69,100+ bought in past month,101,4.7
245,B01HHCEXLA,https://www.amazon.com/dp/B01HHCEXLA,"Rael Reusable Panty Liners Menstrual, Organic Cotton Cover, Period Essential, Cloth Pantyliner for Women, Washable, Soft and Thin, Leak-Free, Washing Machine Safe (5 Count, Brown)",$39.99,100+ bought in past month,1.4K,4.3
246,B07FDG7TLK,https://www.amazon.com/dp/B07FDG7TLK,PEESAFE Panty Liners for Women Daily Use with Aloe Vera (Pack of 50 Liners)| Curvy Design for Extra Comfort | Cottony-Soft Surface with 185mm Wide | Keeps You Dry & Fresh All Day Long,$9.99,($0.20$0.20/count),11.5K,4.3
247,B0C5973QDY,https://www.amazon.com/dp/B0C5973QDY,"Inertia Organic Panty Liners, Organic Oasis: Luxurious Panty Liners for Natural, Chemical-Free Confidence (Pack of 4)…",$19.99,50+ bought in past month,30,4.0
248,B07BQV5D1P,https://www.amazon.com/dp/B07BQV5D1P,"Poise Incontinence Pads & Postpartum Incontinence Pads, 3 Drop Light Absorbency, Long Length, 96 Count (4 Packs of 24), Packaging May Vary",$23.88,10K+ bought in past month,16.3K,4.6
249,B0DH6X7F1S,https://www.amazon.com/dp/B0DH6X7F1S,"Hempress Panty Liners for Women, Organic Pads for Feminine Care, Light Absorbency, Ultra Thin and Comfortable Menstrual Liners, Breathable Cotton, Fragrance Free & Gentle on Sensitive Skin (80 Count)",$21.99,($0.27$0.27/count),46,4.0
250,B0F2P41N8N,https://www.amazon.com/dp/B0F2P41N8N,Veeda Natural Premium Ultra Thin Panty Liners for Women - Breathable Thin Daily Liners are Always Chlorine and Toxin Free - Hypoallergenic Pantiliners - Petite Lite Absorbency - 92 Count,$14.77,50+ bought in past month,646,3.8
251,B08HRRTCZF,https://www.amazon.com/dp/B08HRRTCZF,"Made in EU - Ultra-Thin Reusable Panty Liners (Medium, 7-Pack) – High-Temp Washable Cloth Panty Liners for Women – Durable & Breathable Organic Cotton Keeps You Fresh & Dry for Daily Vaginal Discharge",$57.97,($8.28$8.28/count),4.5K,4.2
252,B00TDYVKPS,https://www.amazon.com/dp/B00TDYVKPS,"Always Thin Daily Liners, Unscented, 120 Liners",$14.49,($0.12$0.12/count),36,4.6
253,B0D1QJL5QY,https://www.amazon.com/dp/B0D1QJL5QY,"Carefree Thong Panty Liners, Unwrapped, Unscented, 196ct (4 Packs of 49ct) + Carefree Thong Regular Liner, Unscented 49 Count",$17.94,N/A,5,5.0
254,B06Y68P348,https://www.amazon.com/dp/B06Y68P348,"SHUYA Natural Cotton Panty Liners for Women Without Wings, Patented Active Oxygen and Anion Strip, Chlorine Free Herbal Scented, Length 155mm-60Count (Pack of 2)",$12.98,($0.22$0.22/count),453,4.5
255,B0D12PKH4L,https://www.amazon.com/dp/B0D12PKH4L,Carefree Panty Liners Extra Long 93ct & Regular Unscented 120ct (Packaging May Vary),$13.65,List: ,N/A,N/A
256,B0F1TKB6YQ,https://www.amazon.com/dp/B0F1TKB6YQ,"MODAL Panty Liners for Women, Unscented Sanitary Pads with Wings, Daily Thin Panty Liners, 7.5 Inch(190 mm), Mini, 20 Count",$9.99,($0.50$0.50/count),75,4.4
257,B0DJFZ3GKT,https://www.amazon.com/dp/B0DJFZ3GKT,"Organic Cotton Reusable Panty Liners for Women & Teens (Medium 7-Pack) – 100% Breathable & High-Temp Washable Cloth Panty Liners for Vaginal Discharge only – Gentle on Skin, Stay Fresh & Dry Daily",$41.97,($6.00$6.00/count),199,4.2
258,B0D1QGZTP9,https://www.amazon.com/dp/B0D1QGZTP9,"Carefree Panty Liners 93ct, Schick Hydro Silk Dermaplaning Tool 3ct - Liners for Odor Control & Leak Protection, Razor for Eyebrows, Face, & Peach Fuzz",$13.32,List: ,N/A,N/A
259,B0CZ7BBYLJ,https://www.amazon.com/dp/B0CZ7BBYLJ,Non-Slip (Premium) Reusable Organic Panty Liners for Women & Teens (Medium 7-Pack) – Breathable High-Temp Washable Cotton Cloth Panty Liners for Vaginal Discharge – Keep You Fresh & Dry for Daily Use,$43.97,($6.28$6.28/count),133,4.2
260,B07VNL15FJ,https://www.amazon.com/dp/B07VNL15FJ,"Oi Girl Organic Panty Liners, Box of 24 Ultra-Thin Panty Liners, Individually-Wrapped",$19.03,($0.79$0.79/count),19,3.5
261,B099DTK1N8,https://www.amazon.com/dp/B099DTK1N8,"wegreeco 6 Pc Reusable Menstrual Pads, Ultra Thin Pantiliners for Thongs, Cloth Pads, Panty Liners for Teens, Women, Nonslip Pantiliners + 1 Pc Wet Bag(Mustard Yellow, Grey, Beige, XS)",$13.99,($2.33$2.33/count),938,4.3
262,B0DFZTY7F8,https://www.amazon.com/dp/B0DFZTY7F8,"LOLA Panty Liners - 56 Count - Cotton Top Sheet & Core, Breathable Daily Liners for Women - Hypoallergenic Unscented Organic Pads for Women",$18.97,2K+ bought in past month,409,4.2
263,B01N30WTQ1,https://www.amazon.com/dp/B01N30WTQ1,Veeda Natural Cotton Ultra Thin Panty Liners for Women - Breathable Thin Daily Liners are Always Chlorine and Toxin Free - Hypoallergenic & Comfortable Pantyliners - 120 Count,$19.87,400+ bought in past month,2.5K,4.1
264,B08PCYTBW4,https://www.amazon.com/dp/B08PCYTBW4,"wegreeco Reusable Menstrual Pads - Reusable Sanitary Pads | Reusable Panty Liners | Soft Cloth Menstrual Pads - 6 Pack with 1 Cloth Mini Wet Bag (Small, Flower 02)",$12.99,($2.17$2.17/count),11.5K,4.3
265,B076HC781C,https://www.amazon.com/dp/B076HC781C,"Oi l Organic Initiative - Ultra-Thin Pantyliner, 100% Certified Organic Cotton | Biodegradable, Free from Chlorine Bleaching, Pesticides, Toxic Chemicals | 80 Liners",$20.99,100+ bought in past month,225,4.0
266,B0D5ZPP9K1,https://www.amazon.com/dp/B0D5ZPP9K1,Micro Pantyliners,$9.99,50+ bought in past month,31,4.1
267,B0CZBBC6P3,https://www.amazon.com/dp/B0CZBBC6P3,Panty Liners for Women Extra Long - 9.6in X 3.1in (30pads) Organic - Cotton Panty Liners for Women - with Wings - Light Incontinence and Light Period Days (30),$18.99,($1.27$1.27/count),35,3.9
268,B0CSD4Q1MY,https://www.amazon.com/dp/B0CSD4Q1MY,"Carefree Panty Liners, Regular Liners, Unwrapped, Unscented, 120ct (Packaging May Vary) & Panty Liners, Long Liners, Unwrapped, Unscented, 92ct (Packaging May Vary)",$13.05,List: ,3,5.0
269,B0DG3L77RZ,https://www.amazon.com/dp/B0DG3L77RZ,"LOLA Non-Toxic Cotton Pads for Women - 36 Count, Regular, Ultra Thin with Wings - Organic Pads & Panty Liners for Women",$24.99,1K+ bought in past month,449,4.5
270,B0FG2HF6KY,https://www.amazon.com/dp/B0FG2HF6KY,"Le Ciel Organic Cotton Panty Liners – Long Length, Breathable and Soft Cover (18 Count)",$14.90,($0.83$0.83/count),N/A,N/A
271,B0D73XC13N,https://www.amazon.com/dp/B0D73XC13N,"100% Organic Panty Liners for Women-120ct, Ultra Thin Cotton Cover, Regular Pantiliners, Light Absorbency, Unscented Barely There Pantie Liners (Regular Liner, Size 1, 120ct)",$19.99,2K+ bought in past month,1K,4.1
272,B083SLDTB7,https://www.amazon.com/dp/B083SLDTB7,Cloth Panty Liners with Discreet Pouch | Reusable Panty Liners Light Flow | Washable Menstrual Pads | Reusable Feminine Pads | Washable Panty Liners | Reusable Panty Liners for Women | Bambaw,$22.49,($4.50$4.50/count),1.5K,4.3
273,B0D1KTCXVK,https://www.amazon.com/dp/B0D1KTCXVK,"Marlow 100% Organic Cotton Liners - Free from Plastic, Fragrance, Dyes, Chlorine-Bleaching, Ultra Soft, Leak Proof, Super Absorbent",$15.27,50+ bought in past month,51,4.0
274,B0CW1P8X6V,https://www.amazon.com/dp/B0CW1P8X6V,"Generic Adhesive Protective Hygiene Try On Stickers for Swimwear,Swimsuits and Lingerie 4x2 inch Panty Liner/Barrier(Pack-100), Small",$7.99,($7.99$7.99/count),32,4.3
275,B0CDQ4J3B1,https://www.amazon.com/dp/B0CDQ4J3B1,"U by Kotex, Balance Regular UItra Thin Pads + Wings, 18 Count",$5.99,100+ bought in past month,6,5.0
276,B079X5KN3Z,https://www.amazon.com/dp/B079X5KN3Z,"Rael Feminine Care, Period Essential for Women - Organic Cotton Cover Regular & Overnight Pads for Women, Regular Panty Liners and Feminine Wipes",$24.99,900+ bought in past month,2.4K,4.8
277,B01LXNFG4K,https://www.amazon.com/dp/B01LXNFG4K,10PCS 8 Inch Reusable Washable Menstrual Pads Sanitary Pads Panty Liner,$13.99,50+ bought in past month,1.4K,4.4
278,B091JGY2YP,https://www.amazon.com/dp/B091JGY2YP,"Rael Disposable Underwear for Women, Organic Cotton Cover - Incontinence Pads, Postpartum Essentials, Disposable Underwear, Unscented, Maximum Coverage (Size S-M, 12 Count)",$18.61,6K+ bought in past month,5.6K,4.7
279,B0FHDV3ZP5,https://www.amazon.com/dp/B0FHDV3ZP5,Seamless Underwear for Women 3 Pack V Waisted No Show Panty Liners Invisible Breathable Concealer Workout Underwear,$17.99,List: ,16,3.9
280,B09JNDLMBD,https://www.amazon.com/dp/B09JNDLMBD,"Langsprit Absorbent Reusable Menstrual Sanitary Pads/Washable Cloth Menstrual Period Pads,Reusable Panty Liners(Winter,S)",$9.87,50+ bought in past month,5.7K,4.4
281,B0DZ2BX5YY,https://www.amazon.com/dp/B0DZ2BX5YY,"PHOGARY Reusable Menstrual Pad, 7 Packs Washable Overnight Cloth Panty Liners with 1 Wet Bag, Sanitary Pads Wings for Heavy Flow",$14.99,($60.71$60.71/ounce),2,2.4
282,B01HW6I4UW,https://www.amazon.com/dp/B01HW6I4UW,Poise Ultra Thin Pads - 24 in Pack - Absorbancy #3 - Long Length,$12.90,900+ bought in past month,1.2K,4.5
283,B0DQGPDLF8,https://www.amazon.com/dp/B0DQGPDLF8,"12 Pack Mama Cloth/Menstrual Pads/Reusable Sanitary Pads Panty Liners for Thongs,7 inch Length by 5 inch Width with Wing,Unscented",$18.99,($1.58$1.58/count),N/A,N/A
284,B09TDRGLJM,https://www.amazon.com/dp/B09TDRGLJM,"Cloth Mama Cloth/Menstrual Pads/Reusable Sanitary Pads Panty Liners for Thongs,7 inch Length by 5 inch Width with Wing (10 Pieces Set)",$16.99,($16.99$16.99/count),106,4.1
285,B0CW7HWBVL,https://www.amazon.com/dp/B0CW7HWBVL,"Carefree Ultra Thin Pads for Women, Super/Long Pads with Wings, 84ct (3 Packs of 28ct) | Carefree Feminine Care, Period Care & Postpartum | 84ct (3 Packs of 28ct)",$20.04,1K+ bought in past month,346,4.7
286,B099DTK1N8,https://www.amazon.com/dp/B099DTK1N8,"wegreeco 6 Pc Reusable Menstrual Pads, Ultra Thin Pantiliners for Thongs, Cloth Pads, Panty Liners for Teens, Women, Nonslip Pantiliners + 1 Pc Wet Bag(Mustard Yellow, Grey, Beige, XS)",$13.99,($2.33$2.33/count),938,4.3
287,B0FFMZF6V6,https://www.amazon.com/dp/B0FFMZF6V6,"Panty Line Cover - Ultra-Thin Intimate Line Concealer Pads – Skin-Friendly Panty Cover for Yoga Pants,Leggings & Skinny Jeans | Ultra-Soft, Seamless & Breathable Design - 5 Count",$9.99,($2.00$2.00/count),5,2.0
288,B07RFFGKNH,https://www.amazon.com/dp/B07RFFGKNH,"Teamoy 10pcs Cloth Panty Liners, Reusable Sanitary Pads with Wet bag, Washable Cloth Menstrual Pads with Charcoal Absorbency Layers (Country Style, 3pcs×7.9''+4pcs×10''+3pcs×11.6''), 11 Piece Set",$22.49,($2.25$2.25/count),7K,4.5
289,B0736YKRRG,https://www.amazon.com/dp/B0736YKRRG,7pcs/Set Reusable Menstrual Pads Including 1pc Mini Wet Bag +6pcs Bamboo Charcoal Cloth Menstrual Incontinence Pads/Reusable Sanitary/Mama Panty Liners (All Randomly Prints),$8.28,1K+ bought in past month,7K,4.2
290,B0FDR82QRJ,https://www.amazon.com/dp/B0FDR82QRJ,"Ona Renewals Perineal Pad Panty Liners for Women, Postpartum Essentials, Witch Hazel Full Coverage Cooling Pads, Hemorrhoid Treatment, Fragrance Free, 30 Ct Pack of 1",$7.99,300+ bought in past month,30,4.9
291,B001E8DA54,https://www.amazon.com/dp/B001E8DA54,"GladRags Reusable Pantyliner (1-Pack) - 100% Cotton Reusable Menstrual Pad, Washable Absorbent Pantyliner, Light Flow Period Pads, Washing Machine Safe",$12.49,($12.49$12.49/count),4,3.3
292,B081CKWG7L,https://www.amazon.com/dp/B081CKWG7L,"wegreeco Charcoal Reusable Menstrual Pads - Reusable Sanitary Pads | Reusable Panty Liners | Soft Cloth Menstrual Pad- 6 Pack with 1 Cloth Mini Wet Bag (Small, Black)",$12.99,($2.17$2.17/count),11.5K,4.3
293,B077JFVS6S,https://www.amazon.com/dp/B077JFVS6S,"wegreeco Charcoal Reusable Menstrual Pads for Women - Reusable Sanitary Pads | Reusable Panty Liners | Soft Cloth Menstrual Pads - 5 Pack, 1 Cloth Wet Bag (Large, Dynamic)",$9.35,($1.87$1.87/count),3.1K,4.4
294,B07MDB2N2P,https://www.amazon.com/dp/B07MDB2N2P,"10 Pcs Reusable Menstrual Pad Set Including 1Pc Mini Wet Bag + 9Pcs Light Flow Daily Use Waterproof Mama Cloth Sanitary Napkin Pads Menstrual Pads (Panty Set, Panty Liner Bamboo Charcoal)",$13.29,($1.33$1.33/count),187,4.4
295,B0CNWNLSQ6,https://www.amazon.com/dp/B0CNWNLSQ6,"Oi | Organic Initiative Incontinence Liner, Organic Cotton Topsheet, Very Light Bladder Leakage, Breathable and Hypoallergenic, Very Light absorbs up to 1.7 floz (7.1"") 60 Liners",$20.99,100+ bought in past month,108,4.0
296,B07S2CQ2P6,https://www.amazon.com/dp/B07S2CQ2P6,7pcs Pack Cloth Pads Including 1pc Mini Wet Bag +6pcs Bamboo Charcoal Cloth Reusable Menstrual Pads/Reusable Sanitary Pad/Mama Panty Liners (All Randomly Prints),$8.28,200+ bought in past month,1.2K,4.3
297,B0C867QKHV,https://www.amazon.com/dp/B0C867QKHV,RedDrop Tween Everyday Pads - Ideal for Girls Experiencing Discharge or Unexpected Bleeding - Reliable Backup for in-Between Days,$9.99,400+ bought in past month,112,4.6
298,B08QKZ4H65,https://www.amazon.com/dp/B08QKZ4H65,"One by Poise Feminine Pads with Wings (2-in-1 Period & Bladder Leakage Pad for Women), Regular, Heavy Absorbency for Period Flow, Light Absorbency for Bladder Leaks, 18 Count",$6.99,500+ bought in past month,7.2K,4.6
299,B0D2KDH9HL,https://www.amazon.com/dp/B0D2KDH9HL,"First Period Pal Pack to-Go Kit | 24 pcs | First Period Kit for Tweens | Teen Period Kit| Discrete Period Bag, Pads, Panty Liners, Period Kits for Tweens 10-12 (Hearts)",$16.98,600+ bought in past month,283,4.8
