asin,url,category,rank,title,price,review_count,rating
B0018NBVKQ,https://www.amazon.com/dp/B0018NBVKQ,"Arts, Crafts & Sewing",#1,"Apple Barrel Acrylic Paint in Assorted Colors (8 Ounce), 20403 White",2.97,"25,259",4.8 out of 5 stars
B0C3QP952N,https://www.amazon.com/dp/B0C3QP952N,"Arts, Crafts & Sewing",#3,"BADCOLOR Black Cream-Blendable Face Body Paint Stick for Adults Children Eye Black Softball Football Baseball Sports , Non-Toxic Hypoallergenic for Halloween SFX Makeup Cosplay Joker Costume Parties",5.99,"1,841",4.3 out of 5 stars
B0CP48JPCH,https://www.amazon.com/dp/B0CP48JPCH,"Arts, Crafts & Sewing",#4,"ARTISTRO Acrylic Paint Markers for Rock, Fabric, Wood, Glass, Craft - 24 Quick Dry Dual-Tip Paint Pens for Halloween Decorations - Pumpkin Painting Kit, Drawing Markers, Art Supplies, Christmas Gift",9.97,"5,290",4.6 out of 5 stars
B08CGMYQGN,https://www.amazon.com/dp/B08CGMYQGN,"Arts, Crafts & Sewing",#5,"UCANBE Athena Face Body Paint Oil Palette, Professional Flash Non Toxic Safe Tattoo Halloween FX Party Artist Fancy Makeup Painting Kit For Kids and Adult",20.99,"12,491",4.4 out of 5 stars
B0CMD7TNS8,https://www.amazon.com/dp/B0CMD7TNS8,"Arts, Crafts & Sewing",#6,"FITTDYHE Fabric Glue Permanent, 60 ML Washable Clear Clothing Glue, Super Fabric Adhesive for Rhinestones, Patches, Clothes, Denim, Leather, Polyester, Fabrics, Doll Repair, Flannel, Cotton",9.69,"3,535",4.5 out of 5 stars
B09W1HR5VD,https://www.amazon.com/dp/B09W1HR5VD,"Arts, Crafts & Sewing",#7,Red Heart Super Saver Black Yarn - 3 Pack of 198g/7oz - Acrylic - 4 Medium (Worsted) - 364 Yards - Knitting/Crochet,11.31,"25,935",4.7 out of 5 stars
B07YDDX4JL,https://www.amazon.com/dp/B07YDDX4JL,"Arts, Crafts & Sewing",#9,"3-Pack 8"" Heavy Duty Scissors with Ultra Sharp Blades and Comfort Grip Handles - For Office, Home, School, Sewing, and Crafts",8.49,"83,492",4.8 out of 5 stars
B0BXKB7QF6,https://www.amazon.com/dp/B0BXKB7QF6,"Arts, Crafts & Sewing",#10,"Coquimbo Sewing Kit Christmas Stocking Stuffers White Elephant Gifts for Adults Teen Girls Mom Grandma Beginner Traveler, Portable Sewing Supplies Accessories with Thread, Needles, Scissors (Black, M)",5.98,"58,732",4.5 out of 5 stars
B089T7PX27,https://www.amazon.com/dp/B089T7PX27,"Arts, Crafts & Sewing",#11,"Crayola Air Dry Clay (5lbs), Teacher Supplies, Natural White Modeling Clay for Kids, Sculpting Material, Bulk Craft Supplies for Art Classrooms",11.24,"17,143",4.6 out of 5 stars
B07D4YF3K4,https://www.amazon.com/dp/B07D4YF3K4,"Arts, Crafts & Sewing",#12,"Neenah Index Cardstock, 8.5"" x 11"", 90 lb/163 gsm, White, Lightweight, 94 Brightness, 300 Sheets (91437)",13.49,"14,903",4.6 out of 5 stars
B0DD3R847F,https://www.amazon.com/dp/B0DD3R847F,"Arts, Crafts & Sewing",#13,"Acrylic Paint Set, 24 Colors (2 oz/Bottle) with 12 Art Brushes, Art Supplies for Painting Canvas, Wood, Ceramic & Fabric, Rich Pigments Lasting Quality for Beginners, Students & Professional Artist",15.31,"4,001",4.3 out of 5 stars
B0CHTZD63Q,https://www.amazon.com/dp/B0CHTZD63Q,"Arts, Crafts & Sewing",#14,"Scrapbook Tape, 4 Pack Double Sided Tape Roller for Crafts, Adhesive Glue Runner Scrapbooking Supplies Journaling School Office Teacher Supplies for Kids and Adults, 0.3IN x 26FT",6.92,"5,105",4.4 out of 5 stars
B00178QQJ8,https://www.amazon.com/dp/B00178QQJ8,"Arts, Crafts & Sewing",#16,"Mod Podge Gloss Sealer, Glue & Finish: All-in-One Craft Solution- Quick Dry, Easy Clean, for Wood, Paper, Fabric & More. Non-Toxic - Craft with Confidence, Made in USA, 16 oz., Pack of 1",7.99,"56,330",4.8 out of 5 stars
B0BHYGM2XG,https://www.amazon.com/dp/B0BHYGM2XG,"Arts, Crafts & Sewing",#17,"KALOUR 72 Count Colored Pencils for Adult Coloring Books, Soft Core,Ideal for Drawing Blending Shading,Color Pencils Set Gift for Adults Kids Beginners",9.49,"8,391",4.7 out of 5 stars
B08GKQ6BY2,https://www.amazon.com/dp/B08GKQ6BY2,"Arts, Crafts & Sewing",#19,Klangfeiler® Hemming Tape - 0.75 INCH x 32 Yards - Extra Strong - Iron-On Hem Tape Adhesive,9.99,"11,418",4.3 out of 5 stars
B089ZVY1L1,https://www.amazon.com/dp/B089ZVY1L1,"Arts, Crafts & Sewing",#21,"HTVRONT HTV Roll Heat Transfer Vinyl - 12"" x 8ft White HTV Vinyl for Shirts, Iron on Vinyl for All Cutting Machine - Easy to Cut & Weed for Heat Transfer Design (White)",8.99,"39,327",4.5 out of 5 stars
B0BC878ZRG,https://www.amazon.com/dp/B0BC878ZRG,"Arts, Crafts & Sewing",#22,"Krightlink Hot Glue Gun Kit with 30 Glue Sticks, Fast Preheating Hot Melt, High Temp for School Crafts DIY Arts and Quick Home Repairs (20w)",8.49,"2,805",4.6 out of 5 stars
B0B19J9FZM,https://www.amazon.com/dp/B0B19J9FZM,"Arts, Crafts & Sewing",#23,"Soucolor Sketch Book, Spiral Bound Acid-Free Sketchbook with 68lb/100gsm for Paper Painting, Drawing, Writing, Artist Sketching Pad for Kids, Adults & Teens, 100 Sheets (Black, 9 x 12 Inch, Pack of 1)",8.99,"6,649",4.8 out of 5 stars
B0CH4TP92N,https://www.amazon.com/dp/B0CH4TP92N,"Arts, Crafts & Sewing",#24,"XKDOUS Safety Pins - 150 Pcs Assorted Sizes Silver Pins Bulk - Small & Large Heavy Duty for Clothes, Sewing, Craft",3.99,"2,211",4.5 out of 5 stars
B000VXO4L2,https://www.amazon.com/dp/B000VXO4L2,"Arts, Crafts & Sewing",#25,"Elmer’s Disappearing Purple School Glue Sticks, Washable, 7g, 30 Count - Bulk Pack for Classrooms, 1 Teacher Brand",9.49,"42,606",4.9 out of 5 stars
B07FCNW3JK,https://www.amazon.com/dp/B07FCNW3JK,"Arts, Crafts & Sewing",#26,"Gya Labs Australian Tea Tree Essential Oil - 0.34 Fl Oz - for Hair, Skin, Diffuser, Aromatherapy & DIY Candle Making Scent",6.99,"100,123",4.4 out of 5 stars
B0D6R7FSBF,https://www.amazon.com/dp/B0D6R7FSBF,"Arts, Crafts & Sewing",#28,"Huhuhero 150Pcs Safety Pins, Large & Small Safety Pins for Clothes Sewing Craft, Nickel Plated Steel Assorted Size Pins Bulk, Art and Craft Supplies (Sliver)",3.69,"9,072",4.5 out of 5 stars
B07S7FXBNT,https://www.amazon.com/dp/B07S7FXBNT,"Arts, Crafts & Sewing",#29,"Apple Barrel Acrylic Paint, Blue Kazoo",0.58,"43,448",4.7 out of 5 stars
B01BRGU8R0,https://www.amazon.com/dp/B01BRGU8R0,"Arts, Crafts & Sewing",#30,"Amazon Basics Stainless Steel Scissors for Office, Crafts, Multipurpose, Sharp, Comfort Grip, PVD Coated, 3 Pack, Multicolor",7.55,"60,805",4.8 out of 5 stars
B016NA9V78,https://www.amazon.com/dp/B016NA9V78,Automotive,#1,"Rain-X 5079279-2 Latitude 2-In-1 Water Repellent Wiper Blades, 22 Inch Windshield Wipers (Pack Of 1), Automotive Replacement Windshield Wiper Blades With Patented Rain-X Water Repellency Formula",15.78,"115,630",4.3 out of 5 stars
B0C1Y8Z6VT,https://www.amazon.com/dp/B0C1Y8Z6VT,Automotive,#2,Kaistyle for Magsafe Car Mount【20 Strong Magnets】Magnetic Phone Holder for Car Phone Holder Mount Dash Mounted Holders Cell Phone Holders for Your Car Accessories for Women Men for iPhone 17 16 15 14,14.99,"18,014",4.4 out of 5 stars
B0CYT2JKRP,https://www.amazon.com/dp/B0CYT2JKRP,Automotive,#8,"HOMEXCEL Microfiber Cleaning Cloth 12 Pack, 12.5 x 12.5 inch Microfiber Towels for Cars, Ultra Absorbent Washing Cloth, Lint Free Streak Free Cleaning Rags for Car, Kitchen, and Window (Grey)",5.98,"7,544",4.4 out of 5 stars
B0BZZDPPRX,https://www.amazon.com/dp/B0BZZDPPRX,Automotive,#10,"All-Purpose Stainless Steel Shower Squeegee for Shower Glass Door with 2 Adhesive Hooks, Bathroom Cleaner Tool Household Window Mirror Squeegee , Cleaning Tile Wall, Car, 10 Inch Silver",9.49,"14,133",4.6 out of 5 stars
B08C7K99WW,https://www.amazon.com/dp/B08C7K99WW,Automotive,#11,"AstroAI Windshield Cleaner Tool, Car Interior Detailing Cleaning Kit with Extendable Handle and 4 Reusable Microfiber Pads, Auto Glass Wiper Brush Kit for Cars, Blue，15.9in-21in",16.99,"21,405",4.3 out of 5 stars
B07QR4Q42L,https://www.amazon.com/dp/B07QR4Q42L,Automotive,#12,"AstroAI Tire Inflator Portable Air Compressor Air Pump for Car Tires-Car Accessories, 9.8Ft Cord-12V DC-Powered Auto Pump with Digital Pressure Gauge, Emergency LED Light for Bicycle, Balloons, Yellow",31.98,"102,783",4.5 out of 5 stars
B009FUF6DM,https://www.amazon.com/dp/B009FUF6DM,Automotive,#13,"Amazon Basics Microfiber Cleaning Cloths, Ultra Absorbent, Lint Free, Streak Free, Non-Abrasive, Reusable and Washable, 16"" x 12"", Blue/White/Yellow, Pack of 24",9.59,"82,700",4.7 out of 5 stars
B01G5EA74I,https://www.amazon.com/dp/B01G5EA74I,Automotive,#14,"ANCEL AD310 Classic Enhanced Universal OBD II Scanner Car Engine Fault Code Reader CAN Diagnostic Scan Tool, Read and Clear Error Codes for 1996 or Newer OBD2 Protocol Vehicle (Black)",23.99,"58,534",4.6 out of 5 stars
B084CVBJDF,https://www.amazon.com/dp/B084CVBJDF,Automotive,#15,"Rain-X 820149 WeatherBeater Wiper Blades, 22"" Windshield Wipers (Pack of 2), Automotive Replacement Windshield Wiper Blades That Meet Or Exceed OEM Quality And Durability",29.99,"60,925",4.5 out of 5 stars
B0BNW6FFS5,https://www.amazon.com/dp/B0BNW6FFS5,Automotive,#17,"Armor All Car Cleaning Wipes, Wipes for Car Interior and Car Exterior, 90 Wipes Each",11.97,"22,603",4.5 out of 5 stars
B07W46BX31,https://www.amazon.com/dp/B07W46BX31,Automotive,#18,"NOCO GENIUS1: 1A 6V/12V Smart Battery Charger – Automatic Maintainer, Trickle Charger & Desulfator with Overcharge Protection & Temperature Compensation – For Lead-Acid & Lithium Batteries",29.95,"57,479",4.4 out of 5 stars
B07L6FJGR4,https://www.amazon.com/dp/B07L6FJGR4,Automotive,#20,GOOACC - GRC-33 240PCS Bumper Retainer Clips Car Plastic Rivets Fasteners Push Retainer Kit Most Popular Sizes Auto Push Pin Rivets Set -Door Trim Panel Fender Clips for GM Ford Toyota Honda Chrysler,10.92,"77,400",4.6 out of 5 stars
B00LM54ZD0,https://www.amazon.com/dp/B00LM54ZD0,Automotive,#22,"LITTLE TREES Car Air Freshener | Hanging Tree Provides Long Lasting Scent for Auto and Home | Black Ice, 24 Air Fresheners",18.99,"32,074",4.6 out of 5 stars
B07VCVCTHC,https://www.amazon.com/dp/B07VCVCTHC,Automotive,#23,BOSCH 22A22B ICON Beam Wiper Blades - Driver and Passenger Side - Set of 2 Blades (22A & 22B),52.99,"28,098",4.6 out of 5 stars
B0CWQ8QMKT,https://www.amazon.com/dp/B0CWQ8QMKT,Automotive,#25,"SINGARO Car Cup Holder Coaster, Silicone Cup Holder Insert, Universal Non-Slip Cup Holders, Car Accessories Interior for Women and Man Interior Sets 4 Pack Black",6.99,"6,535",4.6 out of 5 stars
B00IPS4APU,https://www.amazon.com/dp/B00IPS4APU,Automotive,#27,"Rain-X 600001 Windshield Repair Kit - Quick and Easy Durable Resin Based Windshield Repair Kit for Chips and Cracks, Good for Round Damage Below 1"" in Diameter and Cracks Smaller Than 12"" in Length",11.49,"45,429",4.0 out of 5 stars
B06X9L4WBQ,https://www.amazon.com/dp/B06X9L4WBQ,Automotive,#29,"CKAuto Tire Valve Stem Caps, Black, 4 pcs/Pack, Anodized Aluminum Tire Valve Cap Set, Corrosion Resistant, Universal Stem Covers for Cars Trucks Motorcycles SUVs and Bikes",5.99,"28,324",4.7 out of 5 stars
B0BJ13K7FR,https://www.amazon.com/dp/B0BJ13K7FR,Baby,#2,"Pampers Sensitive Baby Wipes, Water Based, Hypoallergenic and Unscented, 8 Flip-Top Packs, 4 Refill Packs (1008 Wipes Total)",41.98,"234,201",4.8 out of 5 stars
B07M6FL57T,https://www.amazon.com/dp/B07M6FL57T,Baby,#5,"Huggies Size Newborn Diapers, Little Snugglers Baby Diapers, Size Newborn (up to 10 lbs), 31 Count, Packaging May Vary",9.94,"102,994",4.8 out of 5 stars
B008KJEYLO,https://www.amazon.com/dp/B008KJEYLO,Baby,#6,"WaterWipes Sensitive+ Newborn & Baby Wipes, 3-In-1 Cleans, Cares, Protects, 99.9% Water, Unscented & Hypoallergenic, 720 Count (12 Packs)",44.97,"83,991",4.7 out of 5 stars
B08QRKY3NJ,https://www.amazon.com/dp/B08QRKY3NJ,Baby,#8,"Huggies Simply Clean Unscented Baby Diaper Wipes, 11 Flip-Top Packs (704 Wipes Total), Packaging May Vary",16.97,"72,738",4.7 out of 5 stars
B078W9SH24,https://www.amazon.com/dp/B078W9SH24,Baby,#9,"Pampers Training Pants - Easy Ups Boys & Girls Bluey - Size 3T-4T, 124 Count, Children's Potty Underwear (Packaging May Vary)",36.75,"46,403",4.7 out of 5 stars
B015XBYDLM,https://www.amazon.com/dp/B015XBYDLM,Baby,#10,"Dr. Brown’s Natural Flow Level 2 Narrow Baby Bottle Silicone Nipple, Medium Flow, 3m+, 100% Silicone Bottle Nipple, 6 Count",8.99,"102,198",4.8 out of 5 stars
B00TJ6WLV2,https://www.amazon.com/dp/B00TJ6WLV2,Baby,#12,"Pampers Diapers - Baby Dry - Size 1, 120 Count, Absorbent Disposable Infant Diaper (Packaging May Vary)",28.22,"98,086",4.7 out of 5 stars
B08PX2V7PG,https://www.amazon.com/dp/B08PX2V7PG,Baby,#13,Pampers Diapers,51.77,"24,671",4.8 out of 5 stars
B0CKV2VGX1,https://www.amazon.com/dp/B0CKV2VGX1,Baby,#15,"The Honest Company Clean Conscious Diapers for Delicate Skin, Up to 100% Leakproof Hypoallergenic Fragrance-Free Baby Diapers, Gender Neutral Prints, Club Box, Size Newborn, 72 Count (Prints May Vary)",29.99,"4,077",4.4 out of 5 stars
B00N1NBOV2,https://www.amazon.com/dp/B00N1NBOV2,Baby,#16,Amazon Baby Registry Welcome Box,35.0,"6,741",3.8 out of 5 stars
B0BJ13XWDD,https://www.amazon.com/dp/B0BJ13XWDD,Baby,#18,"Pampers Baby Wipes Aqua Pure, 99% water-based wipes, Hypoallergenic and Unscented Baby Wipes, 672 Wipes Total (12 Flip-Top Packs)",34.23,"29,784",4.8 out of 5 stars
B0BJ14XCDV,https://www.amazon.com/dp/B0BJ14XCDV,Baby,#20,"Pampers ZZZ Overnight Diapers, Size 7 (41+ lbs), 36 Count, Nighttime Protection Disposable Baby Diaper, Night Time Leak and Skin Protection",28.22,"29,622",4.8 out of 5 stars
B01IZ5F6T6,https://www.amazon.com/dp/B01IZ5F6T6,Baby,#21,"Pampers Pure Protection Baby Diapers, Size 5 (27+ lbs), 132 Count, Up to 100% Leakproof, Premium Plant-based Skin Protection, Hypoallergenic Soft Diapers",65.47,"39,537",4.7 out of 5 stars
B07XCVWZ51,https://www.amazon.com/dp/B07XCVWZ51,Baby,#22,"Pull-Ups Boys' Potty Training Pants, Size 3T-4T Training Underwear (32-40 lbs), 112 Count (4 Packs of 28), Packaging May Vary",47.2,"38,462",4.8 out of 5 stars
B0DFR6LN73,https://www.amazon.com/dp/B0DFR6LN73,Baby,#25,"Huggies Size 1 Diapers, Snug & Dry Newborn Diapers, Size 1 (8-14 lbs), 128 Count, Packaging May Vary",19.97,"67,593",4.7 out of 5 stars
B0CPPLFQKB,https://www.amazon.com/dp/B0CPPLFQKB,Baby,#27,"Wowflash Super Absorbency Disposable Leakproof Underpads with Quick Drying for Baby, Adults, Puppy, Dog Bed Pee Pads, Extra Large, XXL Incontinence Pads, 30” x 36”, 50 Count",28.49,"5,892",4.5 out of 5 stars
B0F452HXC2,https://www.amazon.com/dp/B0F452HXC2,Baby,#28,"Philips Avent Natural Response Nipples, Extra Slow Flow (Flow 1), 4-Pack, SCY961/44",13.89,795,4.7 out of 5 stars
B06XPHR7DF,https://www.amazon.com/dp/B06XPHR7DF,Baby,#29,"Lansinoh Stay Dry Disposable Nursing Pads, Soft and Super Absorbent Breast Pads, Breastfeeding Essentials for Moms, 200 Count",13.89,"54,497",4.8 out of 5 stars
B074PVTPBW,https://www.amazon.com/dp/B074PVTPBW,Beauty & Personal Care,#2,Mighty Patch™ Original patch from Hero Cosmetics – The #1 Hydrocolloid Acne Pimple Patch for Shrinking Zits and Whiteheads in 1 use; Nighttime Spot Stickers for Face and Skin (36 Count),13.0,"177,870",4.6 out of 5 stars
B07PBXXNCY,https://www.amazon.com/dp/B07PBXXNCY,Beauty & Personal Care,#3,"Clean Skin Club Clean Towels XL®, 100% USDA Biobased Face Towel, Disposable Face Towelette, Eczema Association Accepted, Makeup Remover Dry Wipes, Ultra Soft, 1 Pack, 50 Ct",18.0,"40,254",4.8 out of 5 stars
B08KT2Z93D,https://www.amazon.com/dp/B08KT2Z93D,Beauty & Personal Care,#4,"eos Shea Better Body Lotion Vanilla Cashmere, 24-Hour Moisture Skin Care, Lightweight & Non-Greasy, Natural Shea, Vegan, Vanilla Body Lotion, 16 fl oz",10.0,"48,398",4.7 out of 5 stars
B00U2VQZDS,https://www.amazon.com/dp/B00U2VQZDS,Beauty & Personal Care,#5,"Neutrogena Makeup Remover Wipes Micellar Alcohol-Free Face Towelettes Remove Waterproof Mascara & Oil, Compostable 100% Plant-Based Cloth, Dermatologist & Ophthalmologist Tested, Twin Pack 2 x 25 ct",10.0,"113,612",4.8 out of 5 stars
B0B2RM68G2,https://www.amazon.com/dp/B0B2RM68G2,Beauty & Personal Care,#7,"BIODANCE Bio-Collagen Real Deep Mask, Hydrating Overnight Hydrogel Mask, Pore Minimizing, Elasticity, Plumping Improvement, Korean Skincare, Stocking Stuffers for Teen Girls | 1.19oz(34g) x 4ea",18.0,"25,549",4.4 out of 5 stars
B08H3JPH74,https://www.amazon.com/dp/B08H3JPH74,Beauty & Personal Care,#12,"Maybelline Lash Sensational Sky High Washable Mascara Makeup, Volumizing, Lengthening, Defining, Curling, Multiplying, Buildable Formula, Blackest Black, 1 Count",10.0,"120,913",4.5 out of 5 stars
B0BRMYHMS5,https://www.amazon.com/dp/B0BRMYHMS5,Beauty & Personal Care,#13,"medicube Collagen Overnight Wrapping Peel Off Facial Mask Pack - Elasticity & Hydration Care, Reduces Sagging & Dullness - Hydrolyzed Collagen For Glowing Skin - Korean Skin Care, 2.53 fl.oz",19.0,"12,948",4.5 out of 5 stars
B071914GGL,https://www.amazon.com/dp/B071914GGL,Beauty & Personal Care,#16,"The Ordinary Glycolic Acid 7% Exfoliating Toner, Brightening and Smoothing Daily Toner for More Even-Looking Skin Tone",13.0,"34,241",4.7 out of 5 stars
B0DPHQRLJC,https://www.amazon.com/dp/B0DPHQRLJC,Beauty & Personal Care,#17,"eos Shea Better Cashmere Body Wash, Vanilla Cashmere, Moisturizing, pH Balanced Body Wash, Creamy Gel Formula, Paraben & Phthalate Free, Sensitive Skin, 16 fl oz",10.0,"6,797",4.8 out of 5 stars
B07RK4HST7,https://www.amazon.com/dp/B07RK4HST7,Beauty & Personal Care,#18,"CeraVe Daily Moisturizing Lotion for Dry Skin, Body Lotion & Face Moisturizer with Hyaluronic Acid and Ceramides, Daily Moisturizer, Fragrance Free, Oil-Free, 19 Ounce",19.0,"136,371",4.7 out of 5 stars
B00TTD9BRC,https://www.amazon.com/dp/B00TTD9BRC,Beauty & Personal Care,#19,"CeraVe Moisturizing Cream, Body and Face Moisturizer for Dry Skin, Body Cream with Hyaluronic Acid and Ceramides, Daily Moisturizer, Oil-Free, Fragrance Free, Non-Comedogenic, 19 Ounce",16.0,"137,398",4.7 out of 5 stars
B0B9YHX8DX,https://www.amazon.com/dp/B0B9YHX8DX,Beauty & Personal Care,#21,"Wonderskin Wonder Blading All Day Lip Stain Peel Off Masque - Long Lasting, Waterproof and Transfer Proof Nude Lip Tint, Matte Finish Peel Off Lip Stain (Whimsical Masque)",22.0,"30,615",3.8 out of 5 stars
B07GB3NVN1,https://www.amazon.com/dp/B07GB3NVN1,Beauty & Personal Care,#22,"Native Deodorant Contains Naturally Derived Ingredients, 72 Hour Odor Control | Deodorant for Women and Men, Aluminum Free with Baking Soda, Coconut Oil and Shea Butter | Coconut & Vanilla",13.0,"105,765",4.4 out of 5 stars
B07GKVBQDG,https://www.amazon.com/dp/B07GKVBQDG,Beauty & Personal Care,#23,"Neutrogena Makeup Remover Wipes Singles, Individually Wrapped, Daily Facial Cleanser Towelettes, Gently Removes Oil & Makeup, Alcohol-Free, 20 ct",7.0,"69,016",4.8 out of 5 stars
B00WAJAKOU,https://www.amazon.com/dp/B00WAJAKOU,Beauty & Personal Care,#24,"e.l.f. Instant Lift Brow Pencil, Dual-Sided, Precise, Fine Tip, Shapes, Defines, Fills Brows, Contours, Combs, Tames, Neutral Brown, 0.006 Oz",4.0,"65,308",4.5 out of 5 stars
B01N9SPQHQ,https://www.amazon.com/dp/B01N9SPQHQ,Beauty & Personal Care,#25,"La Roche-Posay Toleriane Double Repair Face Moisturizer, Daily Moisturizer Face Cream with Ceramide & Niacinamide for All Skin Types, Immediate Comfort & Long Lasting Hydration, Fragrance Free",25.0,"45,972",4.6 out of 5 stars
B01MDTVZTZ,https://www.amazon.com/dp/B01MDTVZTZ,Beauty & Personal Care,#27,"The Ordinary Niacinamide 10% + Zinc 1%, Smoothing Serum for Blemish-Prone Skin",6.0,"40,501",4.6 out of 5 stars
B0CM2PPNMW,https://www.amazon.com/dp/B0CM2PPNMW,Beauty & Personal Care,#29,"medicube Collagen Jelly Cream- Niacinamide & Freeze-Dried Hydrolyzed Collagen-Boosts skin barrier hydration & gives 24h Glow & Firmer looking skin | No artificial color, Korean skincare (3.71 fl.oz.)",20.0,"11,946",4.4 out of 5 stars
B0756BXDTX,https://www.amazon.com/dp/B0756BXDTX,Camera & Photo Products,#1,"Occer 12x25 Compact Binoculars for Adults and Kids, Large Eyepiece Waterproof Binocular with Low Light Vision,High Powered Easy Focus Binoculars for Bird Watching,Outdoor Hunting,Travel,Sightseeing",35.99,"32,276",4.4 out of 5 stars
B0CJRTRRTG,https://www.amazon.com/dp/B0CJRTRRTG,Camera & Photo Products,#2,"20x50 High Powered Binoculars for Adults, Waterproof Compact Binoculars with Low Light Vision for Bird Watching Hunting Camping Travel Cruise Hiking Sports Stargazing, Christmas Birthday Gifts for Men",28.78,"3,152",4.4 out of 5 stars
B07QB79SN6,https://www.amazon.com/dp/B07QB79SN6,Camera & Photo Products,#3,"Elikliv Microscope, LCD Digital Coin Microscope 1000x, Coin Magnifier with 8 Adjustable LED Lights, PC View Compatible with Windows/MacBook, EDM4, 4.3-Inch",33.89,"8,494",4.5 out of 5 stars
B081RJ8DW1,https://www.amazon.com/dp/B081RJ8DW1,Camera & Photo Products,#4,"Gskyer Telescope, 70mm Aperture 400mm AZ Mount Astronomical Refracting Telescope for Kids Beginners - Travel Telescope with Carry Bag, Phone Adapter and Wireless Remote.",99.74,"21,889",4.2 out of 5 stars
B07V3LB5DN,https://www.amazon.com/dp/B07V3LB5DN,Camera & Photo Products,#5,"Vortex Optics Crossfire HD 10x42 Binoculars - HD Optical System, Tripod Adaptable, Rubber Armor, Waterproof, Fogproof, Shockproof, Included GlassPak - Unlimited, Unconditional Warranty",149.0,"9,454",4.8 out of 5 stars
B07V3LDFCR,https://www.amazon.com/dp/B07V3LDFCR,Camera & Photo Products,#6,"Vortex Optics Diamondback HD 10x42 Binoculars - HD Optical System, Non-slip Grip, Waterproof, Fogproof, Shockproof, Included GlassPak - Unlimited, Unconditional Warranty",205.0,"10,118",4.8 out of 5 stars
B06XT7M6P5,https://www.amazon.com/dp/B06XT7M6P5,Camera & Photo Products,#7,"Aurosports 10x25 Binoculars for Adults and Kids, Large View Compact Binoculars with Low Light Vision, Easy Focus Small Binocular for Bird Watching Outdoor Travel Sightseeing Concert Hunting Hiking",21.12,"14,708",4.5 out of 5 stars
B07GQ8J4QX,https://www.amazon.com/dp/B07GQ8J4QX,Camera & Photo Products,#8,"POLDR 12X25 Small Pocket Binoculars Compact Adults,Mini Kids Binoculars Boys for Bird Watching,Concert Theater Opera",19.99,"12,491",4.3 out of 5 stars
B0C4Y34Q9L,https://www.amazon.com/dp/B0C4Y34Q9L,Camera & Photo Products,#10,"200x25 Compact Binoculars for Adults and Kids, High Powered Mini Pocket Binoculars, Waterproof Small Binocular for Bird Watching, Hunting, Concert, Theater, Opera, Traveling, Sightseeing",13.58,"1,450",4.2 out of 5 stars
B095S4G6GC,https://www.amazon.com/dp/B095S4G6GC,Camera & Photo Products,#12,"Telescope for Adults & Kids, 70mm Aperture Refractor (15X-150X) Portable Travel Telescope with Phone Adapter & Wireless Remote, Astronomy Beginners Gifts, Black",56.51,"3,133",4.2 out of 5 stars
B07DVFBVPF,https://www.amazon.com/dp/B07DVFBVPF,Camera & Photo Products,#13,"Wireless Digital Microscope, Skybasic 50X-1000X Magnification WiFi Portable Handheld Microscopes with Adjustable Stand HD USB Microscope Camera Compatible with iPhone Android iPad Windows Mac Computer",28.48,"9,165",4.2 out of 5 stars
B0DCVTJGCD,https://www.amazon.com/dp/B0DCVTJGCD,Camera & Photo Products,#14,"TOMLOV P10 Microscope for Adults Kids, Handheld Coin Magnifier with Light for Error Coins, Portable Trichome Magnifying Glass 100X, Collector Pocket Jewelers Loupe, Digital Microscope with 2"" Screen",23.99,544,4.3 out of 5 stars
B07R53W4P6,https://www.amazon.com/dp/B07R53W4P6,Camera & Photo Products,#15,"Binoculars for Kids, Girls or Boys Real Kids Binoculars in Vibrant Green Blue - Includes Sticker Book with 40 Bird Species - Small Toys for Toddlers",18.74,"1,010",4.6 out of 5 stars
B0CWGTG3SC,https://www.amazon.com/dp/B0CWGTG3SC,Camera & Photo Products,#16,"300x25 Binoculars for Adults and Kids, High Powered Mini Pocket Binoculars with Phone Adapter, Waterproof Compact Telescope for Bird Watching, Hunting, Concert, Theater, Opera, Traveling, Sightseeing",15.98,933,4.2 out of 5 stars
B09P8JQWF4,https://www.amazon.com/dp/B09P8JQWF4,Camera & Photo Products,#17,"Telescope 80mm Aperture 600mm - Astronomical Portable Refracting Telescopes Fully Multi-Coated High Transmission Coatings AZ Mount with Tripod Phone Adapter, Wireless Control, Carrying Bag.",94.99,"4,799",4.4 out of 5 stars
B0CR5S2TDM,https://www.amazon.com/dp/B0CR5S2TDM,Camera & Photo Products,#18,"Compact Binoculars for Adults and Kids, HD Mini Portable Outdoor Binoculars Children, Pocket Lightweight Folding for Bird Watching, Hunting, Concert, Theater, Opera, Traveling, Tourism, Shows",12.99,950,4.3 out of 5 stars
B0C53781Q5,https://www.amazon.com/dp/B0C53781Q5,Camera & Photo Products,#19,"AHFLRITO Compact Binoculars, Lightweight Foldable Small Binoculars for Adults and Kids, Portable Waterproof for Bird Watching, Traveling, Theater, Opera, Concert, Hiking, Sightseeing",9.99,815,4.2 out of 5 stars
B0BL12DHG1,https://www.amazon.com/dp/B0BL12DHG1,Camera & Photo Products,#20,"20x25 Binoculars for Adults and Kids, High Power Easy Focus Compact Binoculars with Low Light Vision for Bird Watching and Travel",25.64,"2,325",4.3 out of 5 stars
B0C2V2V981,https://www.amazon.com/dp/B0C2V2V981,Camera & Photo Products,#22,"DRANBOL 12X25 Mini Pocket Binoculars for Adults Kids, Small Compact Binoculars for Bird Watching, Opera Concert",15.99,"1,153",4.3 out of 5 stars
B0BYYY51HJ,https://www.amazon.com/dp/B0BYYY51HJ,Camera & Photo Products,#23,"PalliPartners Compound Microscope for Adults & Kids - 100X-2000X High-Power Biological Microscope for Students, School Lab & Home Education, with Slides Set & Phone Adapter (White)",87.99,947,4.4 out of 5 stars
B07GF4JCDY,https://www.amazon.com/dp/B07GF4JCDY,Camera & Photo Products,#24,"Adorrgon 12x42 HD Binoculars for Adults High Powered with Phone Adapter, Tripod and Tripod Adapter - Large View Binoculars with Clear Low Light Vision - Binocular for Bird Watching Cruise Travel",41.43,"22,067",4.4 out of 5 stars
B0DK73L7BT,https://www.amazon.com/dp/B0DK73L7BT,Camera & Photo Products,#25,20x70 Binoculars for Adults High Powered - WOZEL HD Bird Binoculars with Clear Low Light Vision - Powerful Binocular for Bird Watching Hunting Travel Outdoor Hiking,41.99,391,4.3 out of 5 stars
B01LQ8A3VU,https://www.amazon.com/dp/B01LQ8A3VU,Camera & Photo Products,#27,Vortex Optics Glasspak Binocular Harness,29.0,"5,010",4.6 out of 5 stars
B0CG9XF3FR,https://www.amazon.com/dp/B0CG9XF3FR,Camera & Photo Products,#28,15x52 HD Binoculars for Adults High Powered with Upgraded Phone Adapter - Large View Binoculars with Clear Low Light Vision - Lightweight Waterproof Binocular for Bird Watching Travel Hunting Cruise,98.86,"1,769",4.5 out of 5 stars
B00161ZI4A,https://www.amazon.com/dp/B00161ZI4A,Camera & Photo Products,#29,"Vortex Optics Solo Monocular 10x36 - Utility Clip, Adjustable Eyecup, Fully Multi-Coated Lenses, Rubber Armor, Non-Slip Grip, Fogproof, Waterproof - Unlimited, Unconditional Warranty",115.18,"5,411",4.6 out of 5 stars
B00DV6SI3Q,https://www.amazon.com/dp/B00DV6SI3Q,Camera & Photo Products,#30,Celestron - Cometron 7x50 Astronomy Binoculars – Entry-Level for Stargazing and Comet Watching – Large 50mm Objective Lenses – Wide 6.6° Field of View – Multi-Coated Optics,41.42,"3,857",4.5 out of 5 stars
B0FDQH511S,https://www.amazon.com/dp/B0FDQH511S,Cell Phones & Accessories,#1,"Ailun 3 Pack Screen Protector for iPhone 17 Pro Max [6.9 inch] + 3 Pack Camera Lens Protector with Installation Frame,Dynamic Island Compatible,Case Friendly[Not for iPhone 17/17 Pro/iPhone Air]",8.98,"371,920",4.5 out of 5 stars
B0CCYM3F1V,https://www.amazon.com/dp/B0CCYM3F1V,Cell Phones & Accessories,#2,"Ailun Screen Protector for iPhone 16 / iPhone 15 / iPhone 15 Pro [6.1 Inch] Display 3 Pack Tempered Glass, Dynamic Island Compatible, Case Friendly [Not for iPhone 16 Pro 6.3 Inch].",5.98,"1,080,249",4.6 out of 5 stars
B0FH655984,https://www.amazon.com/dp/B0FH655984,Cell Phones & Accessories,#3,"SUPFINE Magnetic for iPhone 17 Pro Max Case (Compatible with MagSafe)(Military Grade Drop Protection) Translucent Matte Shockproof with Anti-Fingerprint Phone Cover 2025,Black",9.99,"33,636",4.6 out of 5 stars
B0FDQH15KW,https://www.amazon.com/dp/B0FDQH15KW,Cell Phones & Accessories,#4,"Ailun 3 Pack for iPhone 17 Pro Max Privacy Screen Protector [6.9 inch]+ 3 Pack Camera Lens Protector with Installation Frame,Dynamic Island Compatible,Anti Spy Tempered Glass[9H Hardness]-HD",9.98,"122,948",4.4 out of 5 stars
B0FCY7L7SZ,https://www.amazon.com/dp/B0FCY7L7SZ,Cell Phones & Accessories,#5,"ESR for iPhone 17 Pro Max Case, Camera Control, Compatible with MagSafe, Shockproof Military-Grade Protection, Magnetic Phone Case for iPhone 17 Pro Max, Classic Hybrid Case, Clear",9.99,"132,723",4.6 out of 5 stars
B0F8VZ7QVX,https://www.amazon.com/dp/B0F8VZ7QVX,Cell Phones & Accessories,#7,"NEW'C 3 Pack Designed for iPhone 17, 17 Pro, iPhone 16 Pro Screen Protector (6.3 inches), Enhanced Tempered Glass Protection with easy installation tool included,Case Friendly Ultra Resistant",7.89,"228,301",4.5 out of 5 stars
B0FH4V325T,https://www.amazon.com/dp/B0FH4V325T,Cell Phones & Accessories,#8,"Temdan for iPhone 17 Pro Max Case Clear with Screen Protector, [Compatible with Magsafe][Anti-Yellowing][Military-Grade Protection] Shockproof Slim Magnetic Phone Case Cover, Transparent",5.02,"9,493",4.6 out of 5 stars
B0F1TNK61D,https://www.amazon.com/dp/B0F1TNK61D,Cell Phones & Accessories,#9,"Miracase Magnetic for iPhone 16e Case Full-Body Phone with Built-in Glass Screen Protector, [Compatible with MagSafe] Military Drop Proof 16 E Cover Bumper 6.1 inch, Black",16.09,"95,226",4.3 out of 5 stars
B09F2JY5FF,https://www.amazon.com/dp/B09F2JY5FF,Cell Phones & Accessories,#10,Ailun Privacy Screen Protector for iPhone 16e / iPhone 14 / iPhone 13 / iPhone 13 Pro [6.1 Inch] 2 Pack Anti Spy Private Tempered Glass Anti-Scratch Case Friendly [Not for iPhone 16 6.1 Inch],6.98,"153,590",4.4 out of 5 stars
B0FH4ZWQ6X,https://www.amazon.com/dp/B0FH4ZWQ6X,Cell Phones & Accessories,#11,PEHAEL 3+3Pack for iPhone 17 Pro Max Privacy Screen Protector with Camera Lens Protector Full Coverage Anti-Spy Tempered Glass Film 9H Hardness Easy Installation Bubble Free [6.9 inch],7.99,"154,603",4.4 out of 5 stars
B09KR8P3L5,https://www.amazon.com/dp/B09KR8P3L5,Cell Phones & Accessories,#12,iPhone 17 16 15 Charger Fast Charging Type C Chargers USB C Charger Block iPhone 17 16 15 Air Pro Max Chargers with 6FT Cable for iPhone 17/17 Plus/17 Pro Max/16/16 Plus/16 Pro Max/15 Pro Max/iPad Pro,9.9,"25,892",4.4 out of 5 stars
B0FDKLG8TP,https://www.amazon.com/dp/B0FDKLG8TP,Cell Phones & Accessories,#13,TOCOL for iPhone 17 Pro Screen Protector 6.3 inch 9H Hardness Military Grade Shatterproof HD Tempered Glass for Full Coverage Easy Installation Compatible With Sim Card Case Friendly 2 Pack,9.98,"26,005",4.4 out of 5 stars
B0DFVB13XF,https://www.amazon.com/dp/B0DFVB13XF,Cell Phones & Accessories,#14,"Misxi 2 Pack Tempered Glass Case Compatible for Apple Watch Series 11 (2025) Series 10 46mm, Hard PC Screen Protector Overall Protection Ultra-Thin Lightweight Scratch-Resistant Cover for iWatch, Black",9.96,"183,135",4.4 out of 5 stars
B0FFGN9G5B,https://www.amazon.com/dp/B0FFGN9G5B,Cell Phones & Accessories,#15,"Mkeke for iPhone 17 Pro Max Case Clear, [Not Yellowing] [Military-Grade Drop Protection] Protective Clear for Apple 17 Pro Max Case with Shockproof Bumper 2025",9.99,"126,334",4.7 out of 5 stars
B0FDKWQF6V,https://www.amazon.com/dp/B0FDKWQF6V,Cell Phones & Accessories,#17,"TOCOL for iPhone 17 Pro Max Case, Compatible with Magsafe, Full Camera Protection, Built-in Magnetic Ring, Translucent Matte Phone Case for iPhone 17 ProMax 6.9 inch (Black)",9.99,"26,356",4.6 out of 5 stars
B0B768XC42,https://www.amazon.com/dp/B0B768XC42,Cell Phones & Accessories,#18,"Ailun 3 Pack Camera Lens Protector for iPhone 16 Pro / 14 Pro & iPhone 16 Pro Max / 14 Pro Max,Tempered Glass,9H Hardness,Anti-Scratch,Case Friendly[Does not Affect Night Shots]",5.98,"47,132",4.4 out of 5 stars
B0FFG91P61,https://www.amazon.com/dp/B0FFG91P61,Cell Phones & Accessories,#19,"TAURI for iPhone 17 Pro Max Case, Full Camera Protection with Screen Protector, Anti-Yellowing Military-Grade Protection Shockproof Slim Phone Case for iPhone 17 ProMax, Clear",9.99,"70,594",4.6 out of 5 stars
B0DHYJ9CGH,https://www.amazon.com/dp/B0DHYJ9CGH,Cell Phones & Accessories,#20,"Temdan for Travel Essentials,3 in 2 USB C Cable for Apple Watch Charger/iPhone 17 Charger/Lightning,Multi Charging Cable Cord,Vacation Camping Essentials,Portable Designed for iWatch &iPhone 16-12-4FT",8.49,"4,638",4.3 out of 5 stars
B07P29XQR4,https://www.amazon.com/dp/B07P29XQR4,Cell Phones & Accessories,#21,"​​​​PopSockets Phone Grip with Expanding Kickstand, Adhesive Grip - Black",9.97,"92,643",4.5 out of 5 stars
B0D84YX465,https://www.amazon.com/dp/B0D84YX465,Cell Phones & Accessories,#24,"Spigen AluminaCore Tempered Glass Screen Protector [Glas.tR EZ Fit] designed for iPhone 17 Pro | iPhone 17 | iPhone 16 Pro [2 Pack] 9H+ Hardness, Aluminum-Enhanced Durability",19.99,"120,211",4.5 out of 5 stars
B0DN1S1YLV,https://www.amazon.com/dp/B0DN1S1YLV,Cell Phones & Accessories,#25,"ANDERY Car Phone Holder for Magsafe [78+LBS Strongest Suction & 2400gf Magnetic] 360° Adjustable Car Phone Mount, Phone Holders for Your Car for iPhone 17 Pro Max 16 15 14 13 12 Air Plus, Carbon Fiber",26.96,"12,031",4.5 out of 5 stars
B0FC2CRDPV,https://www.amazon.com/dp/B0FC2CRDPV,Cell Phones & Accessories,#26,"ESR 3 Pack for iPhone 17 Pro Max Screen Protector, Military-Grade Shatterproof, 9H Hardness, Full Coverage Tempered Glass with Ultra Fit Tray",9.99,"34,417",4.4 out of 5 stars
B0831BF1FH,https://www.amazon.com/dp/B0831BF1FH,Cell Phones & Accessories,#30,"Stylus Pen for iPad 6th-11th Generation-2X Fast Charge Active Pencil Compatible with 2018-2025 Apple iPad Pro 11""/12.9""/M4, iPad Air 3/4/5/M2/M3,iPad mini 5/6 Gen-White",17.99,"95,401",4.4 out of 5 stars
B00JUM3FXI,https://www.amazon.com/dp/B00JUM3FXI,"Clothing, Shoes & Jewelry",#1,"Hanes EcoSmart Hoodie, Midweight Fleece, Pullover Hooded Sweatshirt for Men",8.73,"160,976",4.5 out of 5 stars
B00NOY3MMW,https://www.amazon.com/dp/B00NOY3MMW,"Clothing, Shoes & Jewelry",#3,"Hanes Men's Beefy-t T-Shirt, Heavyweight Cotton Tee, 1 Or 2 Pack, Big & Tall",3.97,"57,770",4.5 out of 5 stars
B0CYZM5RSM,https://www.amazon.com/dp/B0CYZM5RSM,"Clothing, Shoes & Jewelry",#4,ANRABESS Women Long Sleeve Shirts Rib Knit Slim Fit Tops Basic Tee 2025 Fall Outfits Casual T-Shirt Underscrubs Layer Clothes,9.99,"4,154",4.6 out of 5 stars
B072QRN7HR,https://www.amazon.com/dp/B072QRN7HR,"Clothing, Shoes & Jewelry",#5,"Hanes Men's EcoSmart Fleece, Pullover Crewneck Sweatshirt, 1 or 2 Pack",8.39,"128,486",4.6 out of 5 stars
B0891SVRD6,https://www.amazon.com/dp/B0891SVRD6,"Clothing, Shoes & Jewelry",#6,High Waisted Leggings for Women - No See Through Tummy Control Cycling Workout Yoga Pants with Pockets Reg & Plus,5.69,"27,907",4.2 out of 5 stars
B07ZTD3JZH,https://www.amazon.com/dp/B07ZTD3JZH,"Clothing, Shoes & Jewelry",#7,"EVERSWE Women's 80 Den Soft Opaque Tights, Women's Tights",7.99,"16,051",4.5 out of 5 stars
B0BVFDH9CP,https://www.amazon.com/dp/B0BVFDH9CP,"Clothing, Shoes & Jewelry",#8,SINOPHANT High Waisted Leggings for Women - Full Length Capri Buttery Soft Yoga Pants for Workout Athletic,6.35,"16,040",4.4 out of 5 stars
B0D77M8GYY,https://www.amazon.com/dp/B0D77M8GYY,"Clothing, Shoes & Jewelry",#9,"COSUSKET Snug Fit Unisex Adult Onesie Pajamas, Flannel Cosplay Animal One Piece Halloween Costume Sleepwear Homewear",29.99,"7,535",4.7 out of 5 stars
B086KSDTQ4,https://www.amazon.com/dp/B086KSDTQ4,"Clothing, Shoes & Jewelry",#10,"Hanes Boxer Briefs, Cool Dri Moisture-Wicking Underwear, Cotton No-Ride-up for Men, Multi-Packs Available",23.96,"170,811",4.5 out of 5 stars
B0D8FJVTBG,https://www.amazon.com/dp/B0D8FJVTBG,"Clothing, Shoes & Jewelry",#12,OEAK Womens Deep V Bras Wireless Comfortable Bra Supportive No Underwire Bras Tshirt Push Up Bralettes Plunge Seamless Bra,19.99,"4,649",4.2 out of 5 stars
B09P1GB319,https://www.amazon.com/dp/B09P1GB319,"Clothing, Shoes & Jewelry",#13,"CRZ YOGA Butterluxe High Waisted Lounge Legging 25"" - Buttery Soft Workout Yoga Pants for Women",40.36,"14,521",4.6 out of 5 stars
B08YHLVJN3,https://www.amazon.com/dp/B08YHLVJN3,"Clothing, Shoes & Jewelry",#14,"Fruit of the Loom Eversoft Fleece Elastic Bottom Sweatpants with Pockets, Relaxed Fit, Moisture Wicking, Breathable",12.92,"63,624",4.4 out of 5 stars
B075JW7CCH,https://www.amazon.com/dp/B075JW7CCH,"Clothing, Shoes & Jewelry",#15,Amazon Essentials Men's Fleece Open Bottom Sweatpant (Available in Big & Tall),12.9,"56,036",4.4 out of 5 stars
B0CKZ4ZWYG,https://www.amazon.com/dp/B0CKZ4ZWYG,"Clothing, Shoes & Jewelry",#16,"SINOPHANT High Waisted Leggings with Pockets Women, Full Length Capri Buttery Soft Stretchy Yoga Pants",6.39,"5,154",4.3 out of 5 stars
B07JDFPQTC,https://www.amazon.com/dp/B07JDFPQTC,"Clothing, Shoes & Jewelry",#17,"Gildan Mens Crew T-Shirts, Multipack, Style G1100",22.99,"318,250",4.6 out of 5 stars
B09JFV7HHY,https://www.amazon.com/dp/B09JFV7HHY,"Clothing, Shoes & Jewelry",#18,J.VER Men's Dress Shirts Solid Long Sleeve Stretch Wrinkle-Free Formal Shirt Business Casual Button Down Shirts,19.99,"30,709",4.5 out of 5 stars
B079PL1L5G,https://www.amazon.com/dp/B079PL1L5G,"Clothing, Shoes & Jewelry",#19,Amazon Essentials Women's Regular-Fit Long-Sleeve Crewneck T-Shirt (Available in Plus Size),9.5,"29,864",4.3 out of 5 stars
B0F6VKZ4FB,https://www.amazon.com/dp/B0F6VKZ4FB,"Clothing, Shoes & Jewelry",#20,LetsJoli Bras for Women Supportive Wireless Push Up Bra Full Coverage No Underwear Seamless Plus Size for Older Women,17.99,"2,554",4.1 out of 5 stars
B07MKKQ8QP,https://www.amazon.com/dp/B07MKKQ8QP,"Clothing, Shoes & Jewelry",#21,"Gildan unisex-adult Fleece Crewneck Sweatshirt, Style G18000, Multipack",7.45,"3,359",4.5 out of 5 stars
B075ZZF47B,https://www.amazon.com/dp/B075ZZF47B,"Clothing, Shoes & Jewelry",#22,"Gildan Ultra Cotton T-Shirt, Style G2000, Multipack",11.08,"107,059",4.5 out of 5 stars
B0169P8TGQ,https://www.amazon.com/dp/B0169P8TGQ,"Clothing, Shoes & Jewelry",#23,"Hanes Women’s EcoSmart Fleece Petite Sweatpants, Open Bottom Sweatpants, Petite, 28.5''",6.76,"96,093",4.0 out of 5 stars
B0BW93QZK5,https://www.amazon.com/dp/B0BW93QZK5,"Clothing, Shoes & Jewelry",#25,Trendy Queen Womens Long Sleeve T Shirts Fall Fashion 2025 Basic Crop Tops Going Out Outfits Y2k Clothes,8.39,"5,585",4.4 out of 5 stars
B002GHC19I,https://www.amazon.com/dp/B002GHC19I,"Clothing, Shoes & Jewelry",#26,Carhartt Men's Loose Fit Heavyweight Short-Sleeve Pocket T-Shirt (Also Available in Big & Tall),19.99,"121,196",4.6 out of 5 stars
B0D4YCXF8Q,https://www.amazon.com/dp/B0D4YCXF8Q,"Clothing, Shoes & Jewelry",#28,AUTOMET Long Sleeve Shirts Basic Tops,9.99,"2,028",4.5 out of 5 stars
B0BHV8PQ2K,https://www.amazon.com/dp/B0BHV8PQ2K,"Clothing, Shoes & Jewelry",#29,VEBZIN Sexy Sparkly Fishnets Stockings Jeweled High Waist Fishnet Tights for Women Rhinestone Party Pantyhose,7.1,"5,307",4.4 out of 5 stars
B0CFWKMK2L,https://www.amazon.com/dp/B0CFWKMK2L,"Clothing, Shoes & Jewelry",#30,"Hstyle 6 Pairs of Ruffle Socks Women, Cute Ruffle Ankle Socks",9.99,"2,078",4.6 out of 5 stars
B0BQLLB61B,https://www.amazon.com/dp/B0BQLLB61B,Computers & Accessories,#3,"Anker USB C Hub, 5-in-1 USBC to HDMI Splitter with 4K Display, 1 x Powered USB-C 5Gbps & 2×Powered USB-A 3.0 5Gbps Data Ports for MacBook Pro, MacBook Air, Dell and More",30.0,"14,542",4.4 out of 5 stars
B0B1HJ666G,https://www.amazon.com/dp/B0B1HJ666G,Computers & Accessories,#6,"Mac Book Pro Charger - 118W USB C Charger Fast Charger Compatible with MacBook pro/Air, M1 M2 M3 M4, ipad Pro, Samsung Galaxy and More, Include Charge Cable",27.0,"5,186",4.4 out of 5 stars
B09PRB1MZM,https://www.amazon.com/dp/B09PRB1MZM,Computers & Accessories,#7,"TP-Link Deco X55 AX3000 WiFi 6 Mesh System - Covers up to 6500 Sq.Ft, Replaces Wireless Router and Extender, 3 Gigabit Ports per Unit, Supports Ethernet Backhaul, Deco X55(3-Pack)",140.0,"15,888",4.4 out of 5 stars
B0BR3M8XHK,https://www.amazon.com/dp/B0BR3M8XHK,Computers & Accessories,#12,"UGREEN Revodok 105 USB C Hub 5 in 1 Multiport Adapter 4K HDMI, 100W Power Delivery, 3 USB-A Data Ports, USB C Dongle for MacBook Pro/Air, iPad Pro, iMac, iPhone 16 Pro/Pro Max, XPS, Thinkpad",12.0,"21,661",4.6 out of 5 stars
B0BRKGYMV1,https://www.amazon.com/dp/B0BRKGYMV1,Computers & Accessories,#13,GKLSPL 65W USB C Laptop Charger Compatible with Dell Laptop and More USB Type C Power Adapter,10.0,"2,085",4.4 out of 5 stars
B0B88T5RDY,https://www.amazon.com/dp/B0B88T5RDY,Computers & Accessories,#14,"TP-Link Deco XE75 AXE5400 Tri-Band WiFi 6E Mesh System - Wi-Fi up to 7200 Sq.Ft, Engadget Rated Best Mesh for Most People, Replaces WiFi Router and Extender, AI-Driven Mesh New 6GHz Band, 3-Pack",231.0,"7,751",4.3 out of 5 stars
B08H8ZLKKK,https://www.amazon.com/dp/B08H8ZLKKK,Computers & Accessories,#15,"TP-Link AX1800 WiFi 6 Router V4 (Archer AX21) – Dual Band Wireless Internet, Gigabit, Easy Mesh, Works with Alexa - A Certified for Humans Device, Free Expert Support",60.0,"22,867",4.4 out of 5 stars
B08LVD89GV,https://www.amazon.com/dp/B08LVD89GV,Computers & Accessories,#16,"Charger for MacBook Air MacBook Pro 13 14 15 16 inch 2025 2024 2023 2022 2021 2020, M1 M2 M3 M4 Laptop 70W USB C Power Adapter, iPad, LED, 6.6FT USB-C Cable, Charging as Fast as Original Quality",25.0,"4,814",4.5 out of 5 stars
B09GHV6G55,https://www.amazon.com/dp/B09GHV6G55,Computers & Accessories,#18,Dell 65W USB-C Laptop Charger for XPS and Latitude 5000 - Power Cord Included,23.0,"2,285",4.4 out of 5 stars
B0B4SBR4RN,https://www.amazon.com/dp/B0B4SBR4RN,Computers & Accessories,#20,"65W Charger Compatible with Microsoft Surface Pro 11, 10, 9, 8, 7+, 7, 6, 5, 4, 3, X, Power Adapter for Windows Surface Laptop 7/6/5/4/3/2/1, Go Tablet, Book 3/2/1, Support 44W, 36W, LED, 10FT",27.0,"3,812",4.6 out of 5 stars
B08G84P8ZX,https://www.amazon.com/dp/B08G84P8ZX,Computers & Accessories,#23,"Tonmom Laptop Stand for Desk, Adjustable Laptop Riser ABS+Silicone Foldable Portable Notebook Holder, Ventilated Cooling Notebook Mount Computer Stand for 10-15.6” Laptops,Tablets-Black",9.0,"14,603",4.5 out of 5 stars
B084GTH5LL,https://www.amazon.com/dp/B084GTH5LL,Computers & Accessories,#24,"TP-Link Deco S4 Mesh AC1900 WiFi System - Up to 5,500 Sq.ft. Coverage, Replaces WiFi Router and Extender, Gigabit Ports, Works with Alexa, Deco S4(3-Pack)",90.0,"29,837",4.4 out of 5 stars
B0B5TNSJKF,https://www.amazon.com/dp/B0B5TNSJKF,Computers & Accessories,#26,"Peslv Magnetic Privacy Screen for Macbook Air 13.6/13 Inch (2022-2025, M2, M3, M4), Removable Matte Anti Glare Blue Light Protector Private Security Filter for 13.6inch Mac Laptop Computer",24.0,"3,351",4.3 out of 5 stars
B00MNV8E0C,https://www.amazon.com/dp/B00MNV8E0C,Health & Household,#1,"Amazon Basics 48-Pack AA Alkaline High-Performance Batteries, 1.5 Volt, 10-Year Shelf Life",14.99,"874,747",4.7 out of 5 stars
B07BGLT25K,https://www.amazon.com/dp/B07BGLT25K,Health & Household,#3,"Scott ComfortPlus Toilet Paper, 12 Double Rolls, 231 Sheets per Roll, Septic-Safe, 1-Ply Toilet Tissue",5.68,"110,085",4.5 out of 5 stars
B00LH3DMUO,https://www.amazon.com/dp/B00LH3DMUO,Health & Household,#4,"Amazon Basics AAA Alkaline High-Performance Batteries, 1.5 Volt, 10-Year Shelf Life, 36 Count (Pack of 1)",13.7,"631,155",4.7 out of 5 stars
B09NW92T8Q,https://www.amazon.com/dp/B09NW92T8Q,Health & Household,#6,"Sparkle Pick-A-Size Paper Towels, 6 Double Rolls = 12 Regular Rolls, Everyday Value Paper Towel With Full And Half Sheets",7.92,"78,759",4.6 out of 5 stars
B09NW81TH8,https://www.amazon.com/dp/B09NW81TH8,Health & Household,#8,"Angel Soft Toilet Paper, 16 Mega Rolls = 64 Regular Rolls, Soft and Strong Toilet Tissue",10.99,"86,558",4.7 out of 5 stars
B0798DVT68,https://www.amazon.com/dp/B0798DVT68,Health & Household,#9,"Charmin Ultra Soft Cushiony Touch Toilet Paper, 24 Family Mega Rolls = 123 Regular Rolls (Packaging May Vary)",35.49,"114,838",4.8 out of 5 stars
B0BB3JGBH5,https://www.amazon.com/dp/B0BB3JGBH5,Health & Household,#11,"Quilted Northern Ultra Plush Toilet Paper, 6 Mega Rolls = 24 Regular Rolls, 3X Thicker*, 3 Ply Soft Toilet Tissue",6.98,"50,503",4.7 out of 5 stars
B083JHCCV2,https://www.amazon.com/dp/B083JHCCV2,Health & Household,#12,"Boka Fluoride Free Toothpaste, Nano Hydroxyapatite Toothpaste, Appropriate for Sensitive Teeth - for Adult, Kids Oral Care - Ela Mint Flavor, 4 Fl Oz 1Pk US Manufactured",11.75,"51,757",4.5 out of 5 stars
B09RTVD1GF,https://www.amazon.com/dp/B09RTVD1GF,Health & Household,#14,"Energizer AA Batteries Alkaline Power, 32 Count Alkaline Double A Battery Pack",19.95,"81,621",4.8 out of 5 stars
B010NE2XPC,https://www.amazon.com/dp/B010NE2XPC,Health & Household,#15,"DUDE Wipes - Flushable Wipes - 6 Pack, 288 Wipes - Unscented Extra-Large Adult Wet Wipes - Vitamin-E & Aloe - Septic and Sewer Safe",18.96,"172,823",4.7 out of 5 stars
B0DF8RSVJK,https://www.amazon.com/dp/B0DF8RSVJK,Health & Household,#19,"Scott Paper Towels, Choose-A-Sheet, 6 Double Rolls = 12 Regular Rolls (108 Sheets Per Roll)",6.84,"26,551",4.5 out of 5 stars
B01BZ0LXL8,https://www.amazon.com/dp/B01BZ0LXL8,Health & Household,#25,"Hefty Ultra Strong Tall Kitchen Trash Bags, Lavender & Sweet Vanilla Scent, 13 Gallon, 80 Count",11.97,"166,971",4.8 out of 5 stars
B0DQYR6X8R,https://www.amazon.com/dp/B0DQYR6X8R,Health & Household,#26,"Bounty Select-A-Size Paper Towels, White, 2 Triple Rolls = 6 Regular Rolls",6.81,"28,779",4.8 out of 5 stars
B09YKYV9N9,https://www.amazon.com/dp/B09YKYV9N9,Health & Household,#27,"Charmin Ultra Strong Clean Touch Toilet Paper, 24 Family Mega Rolls = 120 Regular Rolls (Packaging May Vary)",35.49,"31,518",4.8 out of 5 stars
B0CDZJ9JJC,https://www.amazon.com/dp/B0CDZJ9JJC,Health & Household,#28,Charmin Ultra Soft Toilet Paper 6 Mega Rolls = 24 Regular Rolls,7.97,"19,942",4.8 out of 5 stars
B00GS8W3T4,https://www.amazon.com/dp/B00GS8W3T4,Industrial & Scientific,#1,"MedPride Powder-Free Nitrile Exam Gloves, Iris Blue, Medium, Box/100",9.99,"100,710",4.7 out of 5 stars
B0C9S5PMSD,https://www.amazon.com/dp/B0C9S5PMSD,Industrial & Scientific,#3,"Supmedic Medical Soft Max™ Nitrile Exam Gloves, 100 Count Latex-Free Powder-Free Non-Sterile Food Safe Disposable Glove, Blue",8.68,"19,062",4.7 out of 5 stars
B073XR4X72,https://www.amazon.com/dp/B073XR4X72,Industrial & Scientific,#4,"Command 15 lb Large Picture Hanging Strips 14 Pairs (28 Command Strips), Damage-Free Hanging Picture Hangers, No Tools Wall Hanger for Home Decor, White Adhesive",9.57,"108,143",4.6 out of 5 stars
B0C9N1YJNJ,https://www.amazon.com/dp/B0C9N1YJNJ,Industrial & Scientific,#7,"Caring Nitrile Exam Gloves, Blue, Powder-Free, Disposable Gloves for Medical Care, First Aid, Cleaning, Food Prep",8.99,"9,121",4.7 out of 5 stars
B09YKYG6W8,https://www.amazon.com/dp/B09YKYG6W8,Industrial & Scientific,#8,"Charmin Ultra Strong Clean Touch Toilet Paper, 18 Family Mega Rolls = 90 Regular Rolls (Packaging May Vary)",28.99,"31,518",4.8 out of 5 stars
B0B58FGF8H,https://www.amazon.com/dp/B0B58FGF8H,Industrial & Scientific,#9,"Art3d 16 Sets Hook and Loop Tape Sticky Back,1 in.x 4 in. Double-Sided Adhesive Strip,Heavy Duty",4.99,"11,226",4.5 out of 5 stars
B08Y98BVDM,https://www.amazon.com/dp/B08Y98BVDM,Industrial & Scientific,#12,"MED PRIDE Disposable Multipurpose Hand Protection Nitrile-Vinyl Blend Exam Gloves, Medium 100 - Powder, Latex & Rubber Free - Single Use Non-Sterile Protective Gloves",8.67,"50,696",4.4 out of 5 stars
B0D99JK7CX,https://www.amazon.com/dp/B0D99JK7CX,Industrial & Scientific,#13,"Supmedic Medical Soft Max™ Nitrile Disposable Gloves, 100 ct Latex-Free Powder-Free Chemo Rated Food Safe Cleaning Exam Glove",8.68,"4,820",4.7 out of 5 stars
B077PZLX6M,https://www.amazon.com/dp/B077PZLX6M,Industrial & Scientific,#15,"DIYMAG Magnetic Hooks, 30lbs+ Magnet Hook 2025 Cruise Cabin Ship Essentials Heavy Duty Strong Magnets Refrigerator Fridge Hanging for Classroom Beach Vacation Kitchen Grills Home 20 Pack (Silver)",9.99,"25,287",4.4 out of 5 stars
B09K58K13V,https://www.amazon.com/dp/B09K58K13V,Industrial & Scientific,#16,"Art3d Double-Sided Mounting Tape (10FT), Multipurpose Removable Adhesive Foam Tape, Transparent, Household",3.99,"23,897",4.2 out of 5 stars
B07R5S96P2,https://www.amazon.com/dp/B07R5S96P2,Industrial & Scientific,#18,"Lint Rollers for Pet Hair, Sticky, Remover for Couch, Clothes Furniture and Carpet. Dog Hair Remover Cat Hair, Animal Fur, Fuzz. 5 Large Lint Rollers",9.99,"18,699",4.4 out of 5 stars
B07XG3RM58,https://www.amazon.com/dp/B07XG3RM58,Industrial & Scientific,#19,"SUNLU PLA 3D Printer Filament PLA Filament 1.75mm, Neatly Wound 3D Printing Filament 1.75mm, Dimensional Accuracy +/- 0.02 mm, Fit Most FDM 3D Printers, 1kg Spool (2.2lbs), Black",11.19,"20,776",4.3 out of 5 stars
B013SX3T08,https://www.amazon.com/dp/B013SX3T08,Industrial & Scientific,#21,"Tork Multifold Hand Towel, Natural, 100% recycled, FSC certified, Compatible with H2 Dispensers, 16 packs x 250 sheets (MK520A)",37.12,"5,752",4.4 out of 5 stars
B00030L5HY,https://www.amazon.com/dp/B00030L5HY,Industrial & Scientific,#24,"Rubbermaid Commercial Wastebasket Trash Container, 41QT/10.25 GAL, Plastic, Black, Stackable Trash Can for Bedroom/Bathroom/Office, Fits Under Desk/Sink/Cabinet",13.29,"28,827",4.8 out of 5 stars
B09B7NQT2K,https://www.amazon.com/dp/B09B7NQT2K,Industrial & Scientific,#25,"Govee Smart Light Bulbs, Color Changing Light Bulb, Work with Alexa and Google Assistant, 16 Million Colors RGBWW, WiFi & Bluetooth LED Light Bulbs, Music Sync, A19, 800 Lumens, 4 Pack",28.99,"16,681",4.6 out of 5 stars
B08C7HDF1F,https://www.amazon.com/dp/B08C7HDF1F,Industrial & Scientific,#26,NNPCBT 100PCS 3 Ply Black Disposable Face Mask Filter Protection Face Masks,9.98,"151,425",4.6 out of 5 stars
B0BZYCJK89,https://www.amazon.com/dp/B0BZYCJK89,Kitchen & Dining,#1,"Owala FreeSip Insulated Stainless Steel Water Bottle with Straw, BPA-Free Sports Water Bottle, Great for Travel, 24 Oz, Denim",30.0,"92,263",4.7 out of 5 stars
B0DZQLTXG8,https://www.amazon.com/dp/B0DZQLTXG8,Kitchen & Dining,#2,STANLEY Quencher H2.0 Tumbler with Handle and Straw 40 oz | Flowstate 3-Position Lid | Cup Holder Compatible for Travel | Insulated Stainless Steel Cup | BPA-Free | Exclusive Blue Cactus,26.0,"76,946",4.7 out of 5 stars
B0DCF3ZYNG,https://www.amazon.com/dp/B0DCF3ZYNG,Kitchen & Dining,#3,STANLEY Quencher ProTour Flip Straw Tumbler with Leakproof Lid | Built-In Straw & Handle | Cupholder Compatible for Travel | Insulated Stainless Steel Cup | BPA-Free,26.0,"7,797",4.7 out of 5 stars
B0113UZJE2,https://www.amazon.com/dp/B0113UZJE2,Kitchen & Dining,#4,"Etekcity Food Kitchen Scale, Digital Grams and Ounces for Weight Loss, Baking, Cooking, Keto and Meal Prep, LCD Display, Medium, 304 Stainless Steel",11.0,"168,414",4.6 out of 5 stars
B003OAJGJO,https://www.amazon.com/dp/B003OAJGJO,Kitchen & Dining,#5,"Crock-Pot 7 Quart Oval Manual Slow Cooker, Stainless Steel (SCV700-S-BR), Versatile Cookware for Large Families or Entertaining",36.0,"78,628",4.6 out of 5 stars
B0D6C6GS58,https://www.amazon.com/dp/B0D6C6GS58,Kitchen & Dining,#6,"HydroJug Traveler - 32 oz Water Bottle with Handle & Flip Straw - Fits in Cup Holder, Leak Resistant Tumbler-Reusable Insulated Stainless Steel & Rubber Base - Gifts for Women & Men, Pink Sand",35.0,"14,304",4.5 out of 5 stars
B07YP2VH4B,https://www.amazon.com/dp/B07YP2VH4B,Kitchen & Dining,#7,"KitchenAid Classic Multifunction Can Opener and Bottle Opener Easy to Use, Razor Sharp Stainless Steel Cutting Wheel, Soft Ergonomic Handles, Black",15.0,"92,591",4.6 out of 5 stars
B079M8FPTW,https://www.amazon.com/dp/B079M8FPTW,Kitchen & Dining,#8,Rubbermaid Brilliance Food Storage Containers BPA Free Airtight Lids Ideal for Lunch Meal Prep & Leftovers Set of 5 (3.2 Cup),35.0,"121,566",4.7 out of 5 stars
B06X9NQ8GX,https://www.amazon.com/dp/B06X9NQ8GX,Kitchen & Dining,#9,"Amazon Basics Digital Kitchen Scale with LCD Display, Batteries Included, Weighs up to 11 pounds, Black and Stainless Steel",13.0,"107,117",4.7 out of 5 stars
B0B6PLG6G2,https://www.amazon.com/dp/B0B6PLG6G2,Kitchen & Dining,#10,"Air Fryer Paper Liners, 125Pcs Parchment Paper, Air Fryer Liners Disposable for Microwave, Non-Stick Air Fryer Liner Square Free of Bleach (8IN)",10.0,"28,114",4.6 out of 5 stars
B0DF472VMZ,https://www.amazon.com/dp/B0DF472VMZ,Kitchen & Dining,#11,"Owala SmoothSip Slider Insulated Stainless Steel Coffee Tumbler, Reusable Iced Coffee Cup, Hot Coffee Travel Mug, BPA Free 12 oz, Vanilla Bean",25.0,"6,238",4.6 out of 5 stars
B00S93EQUK,https://www.amazon.com/dp/B00S93EQUK,Kitchen & Dining,#12,Alpha Grillers Meat Thermometer Digital - Instant Read Food Thermometer for Cooking Grilling BBQ Accessories Kitchen Gadgets Stocking Stuffers for Men Christmas Gifts for Men White Elephant Gifts Him,14.0,"80,477",4.7 out of 5 stars
B0CJF94M8J,https://www.amazon.com/dp/B0CJF94M8J,Kitchen & Dining,#13,"TrendPlain 16oz/470ml Glass Olive Oil Sprayer for Cooking – 2 in 1 Olive Oil Dispenser Bottle for Kitchen Gadgets and Air Fryer Accessories, Salad, BBQ - Black",9.0,"29,512",4.5 out of 5 stars
B0CBM682SQ,https://www.amazon.com/dp/B0CBM682SQ,Kitchen & Dining,#14,"Pureegg Plastic Table Cloth Disposable 10 Pack, 54 x 108 Inch Table Cloths, Party, Picnic, Wedding, Decorative Tablecloths, Rectangle, White Plastic Cover, Leakproof & Sturdy, White",10.0,"4,337",4.5 out of 5 stars
B0C6Y8NYK1,https://www.amazon.com/dp/B0C6Y8NYK1,Kitchen & Dining,#15,"Air Fryer Paper Liners, 125Pcs Air Fryer Disposable Liners, Non-Stick and Oil Proof for Easy Cleanup, 8” Square for 5-8 qt Basket by Baker's Signature",10.0,"17,213",4.6 out of 5 stars
B0F5X4FM3Q,https://www.amazon.com/dp/B0F5X4FM3Q,Kitchen & Dining,#16,"0.5 Sec Instant Read Meat Thermometer Digital with ±0.5℉ Precision, Food Thermometer for Cooking Kitchen Gadgets, Oven Grill Candy BBQ Essentials Accessories, Gifts for Him Dad Men Birthday, Red",10.0,"1,451",4.8 out of 5 stars
B0F2TB2MMP,https://www.amazon.com/dp/B0F2TB2MMP,Kitchen & Dining,#17,"ukeetap Extra Large Expandable Silverware Organizer, BPA-Free Food-Safe Cutlery Flatware Organizer, Kitchen Utensil Drawer Organizer, Adjustable Silverware Holder for Spoons Forks Knives, Black",6.0,490,4.8 out of 5 stars
B0CYJBB2JQ,https://www.amazon.com/dp/B0CYJBB2JQ,Kitchen & Dining,#18,"bella 2 Slice Slim Toaster, Fits-anywhere™ Kitchenware, 6 Setting Shade Control with Reheat & Cancel Buttons, Fits sourdough, 10” Long Slot, Anti Jam & Auto Shutoff, 900 Watt, Oatmilk",25.0,"7,288",4.3 out of 5 stars
B07WMQP4SF,https://www.amazon.com/dp/B07WMQP4SF,Kitchen & Dining,#21,"Homaxy 100% Cotton Waffle Weave Kitchen Dish Cloths, Ultra Soft Absorbent Quick Drying Dish Towels, 12 x 12 Inches, 6-Pack, Dark Grey",10.0,"36,063",4.5 out of 5 stars
B07PZF3QS3,https://www.amazon.com/dp/B07PZF3QS3,Kitchen & Dining,#23,"KitchenAid All Purpose Kitchen Shears with Protective Sheath Durable Stainless Steel Scissors, Dishwasher Safe, Soft Grip Comfort Handle, 8.72 Inch, Black",8.0,"47,203",4.8 out of 5 stars
B00FLYWNYQ,https://www.amazon.com/dp/B00FLYWNYQ,Kitchen & Dining,#24,"Instant Pot Duo 7-in-1 Electric Pressure Cooker, Slow Cooker, Rice, Steamer, Sauté, Yogurt Maker, Warmer & Sterilizer, Includes App With Over 800 Recipes, Stainless Steel, 6 Quart",100.0,"180,056",4.6 out of 5 stars
B073WJMKHN,https://www.amazon.com/dp/B073WJMKHN,Kitchen & Dining,#26,YETI Rambler 20 oz Stainless Steel Vacuum Insulated Tumbler w/MagSlider Lid,35.0,"146,745",4.8 out of 5 stars
B0CGRGRXPY,https://www.amazon.com/dp/B0CGRGRXPY,Kitchen & Dining,#27,"SURETIVIAN Chicken Shredder Large Chicken Breast Shredder Tool Twist with Brush&Fork, Visible Meat Shredder Machine, Strong Anti-Slip Strip, Ergonomic Handle, BPA Free, Suitable for Pork Beef Chicken",20.0,"17,419",4.7 out of 5 stars
B0CP4XY9QC,https://www.amazon.com/dp/B0CP4XY9QC,Kitchen & Dining,#28,"YARRAMATE 16oz/470ml Glass Olive Oil Sprayer for Cooking with Stickers, 2 in 1 Oil Dispenser for Kitchen Gadgets, Food Grade Premium Spray Bottle with Portion Control for Salad, Frying, BBQ (Black)",9.0,"32,027",4.4 out of 5 stars
B09WXZWSN3,https://www.amazon.com/dp/B09WXZWSN3,Kitchen & Dining,#29,Socomi Fall Thanksgiving Table Runner Terracotta Cheesecloth Gauze Burnt Orange Boho Rustic Farmhouse 120 inch 10FT Cheese Cloth Runner for Wedding Party Baby Shower Home Decor Holiday Decorations,8.0,"5,306",4.8 out of 5 stars
B0764HS4SL,https://www.amazon.com/dp/B0764HS4SL,Kitchen & Dining,#30,"Fullstar The Original Pro Chopper - Vegetable Chopper and Spiralizer, Food Chopper with Container, Fruit Slicer, Kitchen Gadgets & Accessories, Home Essentials (4 in 1, White)",30.0,"121,935",4.5 out of 5 stars
B0777S56RB,https://www.amazon.com/dp/B0777S56RB,Musical Instruments,#1,"FogWorx Extreme High Density Fog Juice - Quart – 32 Fluid Ounces of Long Lasting, High Output, Odorless Water Based Machine Fluid for 400 to 1500 Watt Machines",17.99,"21,262",4.6 out of 5 stars
B0DDL8WGH5,https://www.amazon.com/dp/B0DDL8WGH5,Musical Instruments,#3,"DJI Mic Mini (2 TX + 1 RX + Charging Case), Wireless Lavalier Microphone for iPhone/Camera/Android, Ultralight, Detail-Rich Audio, 48h Use, Noise Cancelling, Automatic Limiting, Vlog, Streaming",109.99,"6,557",4.7 out of 5 stars
B0CMJTSVRW,https://www.amazon.com/dp/B0CMJTSVRW,Musical Instruments,#4,"Mini Mic Pro (Latest Model) - Professional Wireless Microphone for iPhone, iPad, Android, Lavalier Microphone for Video Recording - iPhone Mic Crystal Clear Recording with USB-C for Content Creators",24.99,"4,832",4.3 out of 5 stars
B0002M6CVC,https://www.amazon.com/dp/B0002M6CVC,Musical Instruments,#5,"Ernie Ball Regular Slinky Nickel Wound Electric Guitar Strings, 10-46 Gauge (P02221)",7.99,"123,642",4.8 out of 5 stars
B0DDLDS5GT,https://www.amazon.com/dp/B0DDLDS5GT,Musical Instruments,#6,"Fog Machine Liquid - 32 oz Tillbrook Fog Machine Fluid - High Density & Long-Lasting Fog Juice - Low-Lying, Universal, Water-Based Solution for Spooky Halloween Parties, Haunted Houses, & Concerts",14.99,582,4.6 out of 5 stars
B000EEL6GY,https://www.amazon.com/dp/B000EEL6GY,Musical Instruments,#7,"D'Addario Acoustic Guitar Strings, 80/20 Bronze, EJ11, Light Gauge 12-53, 6-String Set, Pack of 1",6.89,"38,653",4.7 out of 5 stars
B081YNQG29,https://www.amazon.com/dp/B081YNQG29,Musical Instruments,#8,"VIRFUN Fog Machine, Smoke Machine with Wireless&Wired Remote Control for Halloween, Party, Outdoor, Indoor and Stage Effect, 400W",41.99,870,4.3 out of 5 stars
B07T28NQKX,https://www.amazon.com/dp/B07T28NQKX,Musical Instruments,#9,"AGPTEK Fog Machine, Smoke Machine with 13 Colorful LED Lights Effect, Auto Mode 2000CFM Fog with 1 Wired Receiver and 2 Wireless Remote Controls, Perfect for Wedding, Halloween, Party and Stage Effect",61.99,"5,695",4.2 out of 5 stars
B000EEJ91I,https://www.amazon.com/dp/B000EEJ91I,Musical Instruments,#10,"D'Addario Electric Guitar Strings, XL Nickel, EXL110-3D, Regular Light Gauge 10-46, 6-String Set, Pack of 3",14.99,"44,919",4.8 out of 5 stars
B01N6ZJH96,https://www.amazon.com/dp/B01N6ZJH96,Musical Instruments,#11,OneOdio Wired Over Ear Headphones Hi-Res Studio Monitor & Mixing DJ Stereo Headsets with 50mm Drivers and 1/4 to 3.5mm Jack for AMP Computer Recording Podcast Keyboard Guitar Laptop - Black,42.51,"71,558",4.4 out of 5 stars
B0DZNQ7MM5,https://www.amazon.com/dp/B0DZNQ7MM5,Musical Instruments,#12,"Fog Machine, Halloween Smoke Machine with Disco Ball Lights, 600W and 3000CFM with 13-Color LED Effects, Wired And Wireless Remote Controls, Ideal for Indoor, Outdoor, Wedding, Parties, and DJ Stage",59.99,295,4.6 out of 5 stars
B01JNLTTKS,https://www.amazon.com/dp/B01JNLTTKS,Musical Instruments,#13,"Amazon Basics XLR Male to Female Microphone Cable for Speaker or PA System, All Copper Conductors, 6MM PVC Jacket, 6 Foot, Black",8.49,"47,144",4.7 out of 5 stars
B0C146LJ6G,https://www.amazon.com/dp/B0C146LJ6G,Musical Instruments,#14,"Professional Wireless Lavalier Lapel Microphone for iPhone, iPad, mini Video Recording Mic forInterview Video Podcast Vlog YouTube&Livestream, Noise Reduction, Plug &Play",7.99,"1,017",4.3 out of 5 stars
B0002E1P08,https://www.amazon.com/dp/B0002E1P08,Musical Instruments,#16,Vandoren CR103 Bb Clarinet Traditional Reeds Strength 3; Box of 10,30.0,"16,680",4.8 out of 5 stars
B018FCZKR2,https://www.amazon.com/dp/B018FCZKR2,Musical Instruments,#17,"Amazon Basics Adjustable Folding Guitar Stand, A-shape, Fully Assembled - For School Music Program, Concerts & Multiple Users, Black, 8.66 x 15.16 x 3.74 inches",14.99,"62,096",4.8 out of 5 stars
B0CP7QXWPN,https://www.amazon.com/dp/B0CP7QXWPN,Musical Instruments,#18,"Hollyland Lark M2 Wireless Microphone for iPhone/Camera/Android/PC, 48kHz/24-bit High Fidelity Audio, 300m Range, Noise Cancelling, 40h Use, YouTube, Vlog, Streaming (2TX + 3RX + Charging Case)",99.0,"8,007",4.7 out of 5 stars
B09T6KYSCX,https://www.amazon.com/dp/B09T6KYSCX,Musical Instruments,#21,"Projector Stand Tripod Adjustable, Laptop Height from 23.5 to 46.5 inches with Gooseneck Phone Holder, Floor for Office, Home, Stage, Studio, DJ Racks Holder Mount, 23.5inch-46.5inch",34.98,"5,741",4.4 out of 5 stars
B07QR6Z1JB,https://www.amazon.com/dp/B07QR6Z1JB,Musical Instruments,#22,"Focusrite Scarlett Solo 3rd Gen USB Audio Interface for Guitarists, Vocalists, Podcasters or Producers to record and playback studio quality sound",109.99,"53,870",4.6 out of 5 stars
B071SGMQ7V,https://www.amazon.com/dp/B071SGMQ7V,Musical Instruments,#24,"BONAOK Wireless Bluetooth Karaoke Microphone,3-in-1 Portable Handheld Karaoke Mic Speaker Machine Home Party Birthday for All Smartphones PC(Q37 Rose Gold)",19.99,"81,434",4.4 out of 5 stars
B000OR2RNM,https://www.amazon.com/dp/B000OR2RNM,Musical Instruments,#26,"D'Addario Guitar Strings - Phosphor Bronze Acoustic Guitar Strings - EJ16-3D - Rich, Full Tonal Spectrum - For 6 String Guitars - 12-53 Light, 3-Pack",22.99,"68,963",4.7 out of 5 stars
B073LSS9TJ,https://www.amazon.com/dp/B073LSS9TJ,Musical Instruments,#27,WINGO Guitar Capo for Acoustic and Electric Guitars - Rosewood Color with 5 Picks,8.98,"42,795",4.8 out of 5 stars
B00KO8VYMG,https://www.amazon.com/dp/B00KO8VYMG,Musical Instruments,#28,"Cable Matters 2-Pack Premium XLR to XLR Cables - 6ft, Male to Female Microphone Cable, Oxygen-Free Copper (OFC) Mic Cord, Black",17.99,"15,801",4.8 out of 5 stars
B0002E1O2C,https://www.amazon.com/dp/B0002E1O2C,Musical Instruments,#30,"Elixir Strings, Acoustic Guitar Strings, 80/20 Bronze with NANOWEB Coating, Longest-Lasting Bright and Focused Tone with Comfortable Feel, 6 String Set, Light 12-53",19.99,"37,142",4.8 out of 5 stars
B01FV0F8H8,https://www.amazon.com/dp/B01FV0F8H8,Office Products,#1,"Amazon Basics Multipurpose Copy Printer Paper, 8.5 x 11 Inches, 20 lb, 1 Ream, (500 Sheets), 92 Bright, White",6.65,"202,885",4.8 out of 5 stars
B08412PTS8,https://www.amazon.com/dp/B08412PTS8,Office Products,#2,"HP 67XL Black High-yield Ink Cartridge for HP Printers | Works with Printer Series: DeskJet 1255, 2700, 4100, ENVY 6000, 6400 Series | Eligible for Instant Ink | 3YM57AN",35.89,"102,564",4.6 out of 5 stars
B000J07BRQ,https://www.amazon.com/dp/B000J07BRQ,Office Products,#4,"Scotch Heavy Duty Shipping Packing Tape, Clear, Packing Tape for Moving Boxes and Packaging Supplies, 1.88 in. x 22.2 yd., 6 Roll Dispensers, Moving Supplies",12.99,"104,116",4.8 out of 5 stars
B079KL4C91,https://www.amazon.com/dp/B079KL4C91,Office Products,#5,"Amazon Basics Clear Thermal Laminating Plastic Paper Laminator Sheets, 9 x 11.5-Inch, 200-Pack, 3mil",17.99,"89,976",4.8 out of 5 stars
B00QSR9URI,https://www.amazon.com/dp/B00QSR9URI,Office Products,#6,"Amazon Basics Wide Ruled Lined Writing Note Pads, 8.5 inch x 11.75 inch, White, 12 Count (12 Pack of 50)",12.18,"114,703",4.7 out of 5 stars
B0012YVGOW,https://www.amazon.com/dp/B0012YVGOW,Office Products,#7,"BIC Round Stic Xtra Life Ballpoint Pen, Ultra Long Lasting and Consistent Ink Flow, 60-Count in Black Ink",6.79,"116,147",4.7 out of 5 stars
B00006IFHD,https://www.amazon.com/dp/B00006IFHD,Office Products,#8,Sharpie Permanent Markers Set Quick Drying And Fade Resistant Fine Point Marker For Wood Plastic Paper Metal And More Drawing Coloring And Poster Marker Black 12 Count,8.94,"41,784",4.8 out of 5 stars
B01LYHE49W,https://www.amazon.com/dp/B01LYHE49W,Office Products,#9,"Amazon Basics File Folders with Tabs for Filing, 1/3-Cut Tab, Assorted Positions, 8.5x11 inches, Letter Size, Manila, Pack of 100",14.0,"54,003",4.8 out of 5 stars
B001GAOTSW,https://www.amazon.com/dp/B001GAOTSW,Office Products,#11,"Pilot G2 Premium Gel Roller Pens 0.7, Fine Point Smooth Writing Pens Black, Pack of 12",14.39,"50,732",4.8 out of 5 stars
B07R8D1RHS,https://www.amazon.com/dp/B07R8D1RHS,Office Products,#12,"Amazon Basics Sheet Protectors for 3 Ring Binder, Heavyweight, Polypropylene, 8.5 x 11 Inch, 100-Pack, Clear",10.99,"30,996",4.8 out of 5 stars
B086BLQZ5L,https://www.amazon.com/dp/B086BLQZ5L,Office Products,#16,"Aothia Non-Slip Waterproof PU Leather Desk Pad Protector for Mouse, Writing Desk, Office, Home, Laptop Blotter, 23.6"" x 13.7"", Black",9.99,"73,130",4.6 out of 5 stars
B0BMTPC44X,https://www.amazon.com/dp/B0BMTPC44X,Office Products,#17,"YSAGi Leather Office Desk Pad Protector, Large Mouse Pad, Non-Slip, PU Leather, Laptop Desk Blotter, Waterproof Writing Pad for Office and Home, Black, 23.6"" x 13.8""",9.99,"16,980",4.7 out of 5 stars
B079ZV4V3C,https://www.amazon.com/dp/B079ZV4V3C,Office Products,#18,"Amazon Basics Stapler with 1000 Staples, Office Stapler, 25 Sheet Capacity, Non-Slip, Black",6.29,"53,408",4.6 out of 5 stars
B0C9W8DD9S,https://www.amazon.com/dp/B0C9W8DD9S,Office Products,#19,"Ddaowanx Gel Pens, 6 Pcs 0.5mm Quick Dry Black Ink Pens Fine Point Smooth Writing Pens, Cute Office School Supplies Gifts for Women",7.39,"5,581",4.5 out of 5 stars
B01FIK0PXI,https://www.amazon.com/dp/B01FIK0PXI,Office Products,#21,"HP Printer Paper | 8.5 x 11 Paper | Office 20 lb | 3 Ream Case - 1500 Sheets | 92 Bright | Made in USA - FSC Certified | 112090C, White",18.02,"48,962",4.8 out of 5 stars
B08412HXK9,https://www.amazon.com/dp/B08412HXK9,Office Products,#22,"HP 67 Black/Tri-color Ink Cartridges for HP Printers | Works with Printer Series: DeskJet 1255, 2700, 4100; ENVY 6000, 6400 | Eligible for Instant Ink | 3YP29AN",43.89,"60,000",4.6 out of 5 stars
B07YDDX4JL,https://www.amazon.com/dp/B07YDDX4JL,Office Products,#23,"3-Pack 8"" Heavy Duty Scissors with Ultra Sharp Blades and Comfort Grip Handles - For Office, Home, School, Sewing, and Crafts",8.49,"83,492",4.8 out of 5 stars
B01D8F5FKS,https://www.amazon.com/dp/B01D8F5FKS,Office Products,#25,"Post-it Super Sticky Notes, 24 Sticky Note Pads, 3 x 3 in., School Supplies, Office Products, 2X The Sticking Power, Supernova Neons Collection",16.99,"8,558",4.8 out of 5 stars
B002MGJZRE,https://www.amazon.com/dp/B002MGJZRE,Office Products,#26,"BIC Wite-Out EZ Correct Tear-Resistant Correction Tape with 39.3 ft of Tape, 10-Count Pack in White",9.83,"18,093",4.7 out of 5 stars
B01D0OANU4,https://www.amazon.com/dp/B01D0OANU4,Office Products,#27,"Aimoh #10 Security Self Seal Envelopes – 100 Qty |No Window, EnveGuard, 4⅛ x 9½"", White, 24 LB, 100 Count (34100)",9.99,"41,180",4.8 out of 5 stars
B0C6LZ8S34,https://www.amazon.com/dp/B0C6LZ8S34,Office Products,#28,Amazon Basics 8-Sheet Cross Cut Paper Shredder and Credit Card Shredder - Black,39.99,"66,547",4.4 out of 5 stars
B0CT4HX4T9,https://www.amazon.com/dp/B0CT4HX4T9,Office Products,#29,"Lined Spiral Journal Notebook for Women & Men, 140 Pages, College Ruled Hardcover Notebook for Work & Note Taking, Journals for Writing, A5(6""x8"") - Green",6.99,"4,252",4.7 out of 5 stars
B0CRC73JTS,https://www.amazon.com/dp/B0CRC73JTS,Sports & Outdoors,#1,"Owala Kids FreeSip Insulated Stainless Steel Water Bottle with Straw for Sports, Travel, and School, BPA-Free Sports Water Bottle, 16 oz, Celestial Sphere",25.0,"92,263",4.7 out of 5 stars
B01LR5S6HK,https://www.amazon.com/dp/B01LR5S6HK,Sports & Outdoors,#2,Amazon Basics Neoprene Dumbbell Hand Weights for Exercise and Muscle Toning,30.0,"118,563",4.8 out of 5 stars
B07518RBH2,https://www.amazon.com/dp/B07518RBH2,Sports & Outdoors,#3,"ZELUS Weighted Vest, 6lb/8lb/12lb/16lb/20lb/25lb/30lb Weight Vest with Reflective Stripe for Workout, Strength Training, Running, Fitness, Muscle Building, Weight Loss, Weightlifting",30.0,"11,826",4.4 out of 5 stars
B0FDRPWVWG,https://www.amazon.com/dp/B0FDRPWVWG,Sports & Outdoors,#4,Owala FreeSip Sway - Stainless Steel - 30-oz. - Tan (Lightly Toasted),35.0,"1,196",4.8 out of 5 stars
B0CC189314,https://www.amazon.com/dp/B0CC189314,Sports & Outdoors,#5,"OCOOPA Magnetic Hand Warmers Rechargeable 2 Pack, Electric Handwarmers, Smart Heating UL Certified, 3-Settings,Portable Heater, Ultra Slim Pocket, Hunting Essentials, Gifts for Christmas Men, UT3 Lite",16.0,"7,112",4.6 out of 5 stars
B01AVDVHTI,https://www.amazon.com/dp/B01AVDVHTI,Sports & Outdoors,#6,"Fit Simplify Resistance Loop Exercise Bands with Instruction Guide and Carry Bag, Set of 5",10.0,"132,148",4.5 out of 5 stars
B08D66HCXW,https://www.amazon.com/dp/B08D66HCXW,Sports & Outdoors,#8,"LHKNL Headlamp Flashlight, Lumen Ultra-Light Bright LED Rechargeable Headlight with White Red Light, 2-Pack Waterproof Motion Sensor Head Lamp,8 Modes for Outdoor Camping Running Hiking Fishing",20.0,"29,217",4.5 out of 5 stars
B0007ZF4OA,https://www.amazon.com/dp/B0007ZF4OA,Sports & Outdoors,#9,HotHands Hand Warmers - Long Lasting Safe Natural Odorless Air Activated Warmers - Up to 10 Hours of Heat - 40 Pair,29.0,"50,949",4.8 out of 5 stars
B0DR9PVSC9,https://www.amazon.com/dp/B0DR9PVSC9,Sports & Outdoors,#10,Stanley IceFlow 2.0 Flip Straw Tumbler with Handle 30 oz | Twist On Lid and Flip Up Straw | Leak Resistant Water Bottle | Insulated Stainless Steel | BPA-Free | Dried Pine,35.0,"47,038",4.7 out of 5 stars
B00D7H9LIA,https://www.amazon.com/dp/B00D7H9LIA,Sports & Outdoors,#11,"HotHands Hand Warmer Value Pack, 10 Count (Pack of 1)",7.0,"16,664",4.8 out of 5 stars
B0869HGSVL,https://www.amazon.com/dp/B0869HGSVL,Sports & Outdoors,#13,"Intex 64417ED 22in Queen Dura-Beam Comfort Plush High-Rise Inflatable Air Mattress with Built in Pump for Travel and Camping, 600lb Weight Capacity",67.0,"61,692",4.3 out of 5 stars
B01LP0U5X0,https://www.amazon.com/dp/B01LP0U5X0,Sports & Outdoors,#14,"Amazon Basics 1/2 Inch Extra Thick Exercise Yoga Mat with Carrying Strap, Cushioned Support, for Fitness and Gym Workouts",25.0,"106,737",4.6 out of 5 stars
B001FZCVTM,https://www.amazon.com/dp/B001FZCVTM,Sports & Outdoors,#15,WILSON Championship Tennis Balls,4.0,"14,098",4.7 out of 5 stars
B07CTXRKH8,https://www.amazon.com/dp/B07CTXRKH8,Sports & Outdoors,#17,"Cool Coolers by Fit + Fresh Slim Compact Reusable XL Ice Pack, Perfect for Lunch Boxes, Coolers, and Beach Bags",10.0,"46,351",4.6 out of 5 stars
B074P8MZW9,https://www.amazon.com/dp/B074P8MZW9,Sports & Outdoors,#18,"Franklin Sports X-40 Outdoor Pickleballs - Official Ball of USA Pickleball, APP Tour + US Open - Regulation Size",30.0,"23,834",4.7 out of 5 stars
B0B5F9SZW7,https://www.amazon.com/dp/B0B5F9SZW7,Sports & Outdoors,#19,"Fitbit Inspire 3 Health &-Fitness-Tracker with Stress Management, Workout Intensity, Sleep Tracking, 24/7 Heart Rate and more, Midnight Zen/Black One Size (S & L Bands Included)",80.0,"21,016",4.3 out of 5 stars
B0DTT52MDK,https://www.amazon.com/dp/B0DTT52MDK,Sports & Outdoors,#20,"IDAODAN Electric Balloon Pump, Portable Electric Balloon Blower Machine Balloon Air Pump Dual Nozzle Rose Red 110V 600W Balloon Inflator for Party Decorations",14.0,"5,774",4.5 out of 5 stars
B005FEGYCO,https://www.amazon.com/dp/B005FEGYCO,Sports & Outdoors,#21,"Lighting EVER LED Flashlights High Lumens, Small Flashlight, Waterproof, Adjustable Focus Flash Light for Outdoor, Emergency, AAA Batteries Included, Tactical & Camping Accessories",10.0,"45,000",4.6 out of 5 stars
B0B7CCHPXK,https://www.amazon.com/dp/B0B7CCHPXK,Sports & Outdoors,#22,"200 Card Sleeves Top Loaders for Cards, Arjiekwei 3""X4"" Baseball Cards Protectors Hard Plastic, Premium Toploaders Holder for Trading Sports Football Game Card(100 Top Loaders + 100 Penny Sleeves)",13.0,"4,928",4.6 out of 5 stars
B09DF9NWC7,https://www.amazon.com/dp/B09DF9NWC7,Sports & Outdoors,#25,"Jump Rope, Tangle-Free Rapid Speed Jumping Rope Cable with Ball Bearings for Women, Men, and Kids, Adjustable Steel Jump Rope with Foam Handles for Home Gym Exercise Fitness Workout Equipment & Slim Body",9.0,"21,872",4.4 out of 5 stars
B07BK26C9Y,https://www.amazon.com/dp/B07BK26C9Y,Sports & Outdoors,#26,"Zak Designs Marvel SpiderMan Kids Spout Cover and Built-in Carrying Loop Made of Plastic, Leak-Proof Water Bottle Design (16 oz, BPA-Free)",10.0,"19,629",4.6 out of 5 stars
B07KQR9VXG,https://www.amazon.com/dp/B07KQR9VXG,Sports & Outdoors,#27,"ATERCEL Workout Gloves for Men and Women, Exercise Gloves for Weight Lifting, Cycling, Gym, Training, Breathable and Snug fit",14.0,"42,542",4.6 out of 5 stars
B0BMGYT38K,https://www.amazon.com/dp/B0BMGYT38K,Sports & Outdoors,#28,Callaway Golf Supersoft Golf Balls (2023),25.0,"11,694",4.8 out of 5 stars
B07DK9QZV9,https://www.amazon.com/dp/B07DK9QZV9,Sports & Outdoors,#29,"Trideer Extra Thick Yoga Ball Exercise Ball, 5 Sizes Gym Ball, Heavy Duty Ball Chair for Balance, Stability, Pregnancy, Quick Pump Included",18.0,"38,235",4.5 out of 5 stars
B0F2WPH4PF,https://www.amazon.com/dp/B0F2WPH4PF,Sports & Outdoors,#30,"Owala Disney Princess FreeSip Insulated Stainless Steel Water Bottle with Straw for Sports and Travel, BPA-Free Sports Water Bottle, 24 oz, Rapunzel",35.0,"9,838",4.6 out of 5 stars
B0DWYYPRYL,https://www.amazon.com/dp/B0DWYYPRYL,Sports Collectibles,#1,2025 Topps Series 1 Baseball - Factory Sealed - Value Box,39.51,277,4.6 out of 5 stars
B0F6TRHYDS,https://www.amazon.com/dp/B0F6TRHYDS,Sports Collectibles,#4,2024-25 Topps Chrome Basketball - Factory Sealed - Value Box,26.75,110,4.1 out of 5 stars
B0DYRZ825Y,https://www.amazon.com/dp/B0DYRZ825Y,Sports Collectibles,#7,Topps 2025 Series 1 Baseball Trading Card Hanger Box (59 Cards),28.75,145,4.5 out of 5 stars
B0DM6K372C,https://www.amazon.com/dp/B0DM6K372C,Sports Collectibles,#9,2024 Panini Prizm Football Trading Cards Mega Box,60.0,208,4.2 out of 5 stars
B0B675HY7Y,https://www.amazon.com/dp/B0B675HY7Y,Sports Collectibles,#11,Zoo Packs MLB Baseball PSA Graded Card Mystery Power Pack - Amazon Exclusive,29.95,275,3.2 out of 5 stars
B0DLHJMBJH,https://www.amazon.com/dp/B0DLHJMBJH,Sports Collectibles,#13,2024 Panini Phoenix Football NFL Trading Cards Blaster Box,33.68,65,4.1 out of 5 stars
B0C1L1648Z,https://www.amazon.com/dp/B0C1L1648Z,Sports Collectibles,#14,2022 Contenders NFL Football Blaster Value Box 8 Cards Per Pack 5 Packs Per Box 1 Autograph or Rookie Ticket Swatch Per Box on Average,24.99,148,4.2 out of 5 stars
B0DNRDBSJG,https://www.amazon.com/dp/B0DNRDBSJG,Sports Collectibles,#15,2024 Panini Prestige Football Trading Cards Fat Pack,13.99,119,4.4 out of 5 stars
B0DX4J24KV,https://www.amazon.com/dp/B0DX4J24KV,Sports Collectibles,#18,2025 Topps Series 1 Baseball Trading Card MLB Hanger Box,27.5,67,4.5 out of 5 stars
B0DX3T485C,https://www.amazon.com/dp/B0DX3T485C,Sports Collectibles,#21,2025 Topps Series 1 Baseball Trading Card MLB Retail 20 Pack Box,119.29,72,4.3 out of 5 stars
B0DPNMZDH1,https://www.amazon.com/dp/B0DPNMZDH1,Sports Collectibles,#26,2024 Panini NFL Mosaic Football Trading Cards Fat Pack,14.99,45,4.5 out of 5 stars
B0FC93F2Q2,https://www.amazon.com/dp/B0FC93F2Q2,Sports Collectibles,#27,2024 Panini Select Football Trading Cards Blaster Box,48.45,12,3.6 out of 5 stars
B0D6X6YXYG,https://www.amazon.com/dp/B0D6X6YXYG,Sports Collectibles,#28,"High Cheese Baseball Walk Off Mystery Pack - 2 Cards, 1 PSA Graded & 1 Autograph/Relic Ungraded",39.99,172,2.8 out of 5 stars
B0DSP8ZDBP,https://www.amazon.com/dp/B0DSP8ZDBP,Sports Collectibles,#29,UEFA 2024/25 Topps Club Competitions Value Box | 7 Packs,38.0,38,4.4 out of 5 stars
B0FDHYBBC7,https://www.amazon.com/dp/B0FDHYBBC7,Sports Collectibles,#30,2024 Panini Contenders Football Trading Card Blaster Box (1 One Autograph or Memorabilia Card Per Box),32.94,7,4.5 out of 5 stars
B0BZCHMVTK,https://www.amazon.com/dp/B0BZCHMVTK,Toys & Games,#1,"Bezente Assorted Rainbow Latex Balloons, 100 Pack 12 inch Round Helium Bright Color Balloons for Birthday Bridal Shower Wedding Party Decorations",6.0,"10,672",4.6 out of 5 stars
B00N1QPNMA,https://www.amazon.com/dp/B00N1QPNMA,Toys & Games,#3,"PartySticks Ultra Bright Glow Sticks Bulk Party Supplies 100 Pack - 8"" Glow in the Dark Light Up Halloween Party Favors, Glow Decorations, Neon Party Necklaces and Bracelets with Connectors",8.0,"24,774",4.6 out of 5 stars
B0BDQLJMFV,https://www.amazon.com/dp/B0BDQLJMFV,Toys & Games,#4,PartyWoo Black Balloons 140 pcs Different Sizes Pack of 18 12 10 5 Inch Matte Black Latex Balloon Arch Kit Garland for Graduation Halloween New Year Anniversary Birthday Party Decorations Black-Y18,8.0,"6,385",4.4 out of 5 stars
B09T6QFR2J,https://www.amazon.com/dp/B09T6QFR2J,Toys & Games,#5,"RUBFAC 129pcs Metallic Gold Balloons Different Sizes 18 12 10 5 Inch, Latex Balloon Garland Arch Kit for Party Graduation Wedding Holiday Happy Birthday Decoration",7.0,"6,954",4.5 out of 5 stars
B00JM5GW10,https://www.amazon.com/dp/B00JM5GW10,Toys & Games,#6,"Play Doh Modeling Compound 10-Pack Case of Assorted Colors, Non-Toxic 2 oz. Cans, Back to School Gifts, Prizes, & Party Favors, Preschool Toys for Kids, Ages 2+ (Amazon Exclusive)",8.0,"65,392",4.8 out of 5 stars
B07ZV31J31,https://www.amazon.com/dp/B07ZV31J31,Toys & Games,#7,"100 Ultra Bright Glow Sticks Bulk Party Pack - Halloween Glow in the Dark Party Supplies Pack - 8"" Glowsticks Party Favors with Bracelets and Necklaces",8.0,"19,401",4.6 out of 5 stars
B0CSFPL6JN,https://www.amazon.com/dp/B0CSFPL6JN,Toys & Games,#8,"HEX BOTS Wall Crawler Gecko with Official Wall Climber Technology, Rechargeable Remote Control Robot Kids Toys, Prank Toys for Boys & Girls Ages 4 & Up",25.0,"2,232",4.4 out of 5 stars
B087N9N6HH,https://www.amazon.com/dp/B087N9N6HH,Toys & Games,#9,"Play Doh Bulk Handout 42-Pack of 1-Ounce Modeling Compound Cans, Back to School Gifts, Prizes, & Party Favors, Kids Arts & Crafts, Preschool Toys, Ages 2+ (Amazon Exclusive)",17.0,"15,384",4.9 out of 5 stars
B07B6ZN7P8,https://www.amazon.com/dp/B07B6ZN7P8,Toys & Games,#10,"LeapFrog Learning Friends 100 Words Book, Green",20.0,"141,731",4.8 out of 5 stars
B0DNGDPTL6,https://www.amazon.com/dp/B0DNGDPTL6,Toys & Games,#11,"Play-Doh 30 Pack Spooky Colors, Individually Wrapped 1 Ounce Sticks for Halloween, Trick or Treat, or Fall Seasonal Arts & Crafts for Kids 2+",10.0,140,4.8 out of 5 stars
B08SGH7NKX,https://www.amazon.com/dp/B08SGH7NKX,Toys & Games,#12,"SEREED Baby Balance Bike for 1 Year Old Boys Girls 12-24 Month Toddler Balance Bike, 4 Wheels Toddler First Bike, First Birthday Gifts",35.0,"12,934",4.8 out of 5 stars
B0CRYJB6GK,https://www.amazon.com/dp/B0CRYJB6GK,Toys & Games,#13,"Airbition Talking Flash Cards for Toddlers 1 2 3 4 Year Olds, Montessori Language Learning with 224 Words, Pocket Speech Therapy and Autism Playthings, Children's Sensory Educational Device",10.0,"3,819",4.5 out of 5 stars
B0DQNQ1ZVZ,https://www.amazon.com/dp/B0DQNQ1ZVZ,Toys & Games,#14,"Schylling NeeDoh Nice Cube -Sensory Squeeze Toy with Super Solid Squish - 2.25"" Cube",12.0,"1,708",4.3 out of 5 stars
B0BJZRS4KR,https://www.amazon.com/dp/B0BJZRS4KR,Toys & Games,#15,"40 Inch Beige Number 1 Balloon for 1st Birthday Decoration, Large Self Inflating Cream Foil Number Balloons 0-9 for Boys Girls, White Sand 1 Helium Balloons for Women Men Party Anniversary Supplies",6.0,"3,371",4.2 out of 5 stars
B0BGN1YDJH,https://www.amazon.com/dp/B0BGN1YDJH,Toys & Games,#16,"Kikidex Magnetic Drawing Board, Toddler Girl Toys for 1-2 Year Old, Doodle Board Pad Learning and Educational Toys for 1 2 3 Year Old Baby Kids Birthday Gift(Light Blue)",21.0,"7,131",4.5 out of 5 stars
B0DG2VRFV7,https://www.amazon.com/dp/B0DG2VRFV7,Toys & Games,#17,"30 Pack Squishy Toys, Kawaii Squishies Party Favors for Kids 4-8 8-12 Treasure Box Toys for Classroom Birthday Xmas Gifts Goodie Bag Mini Animals Mochi Squishy Stress Relief Sensory Toys Random",8.0,"1,131",4.6 out of 5 stars
B000BUUTJ6,https://www.amazon.com/dp/B000BUUTJ6,Toys & Games,#18,"Bicycle Jumbo Index Playing Cards , 2 Pack Large Print Poker Size Deck of Cards for Easy Reading, Family Card Games, and Casino Play",5.0,"24,480",4.8 out of 5 stars
B09L7MDNH6,https://www.amazon.com/dp/B09L7MDNH6,Toys & Games,#19,"100Pcs clear 260 Balloons Clear Long Skinny Latex Balloon for Animal Ballons, Premium Quality Balloons for Beginners Baloons Making Kid's Carnivals Party Decoartion",7.0,"7,915",4.7 out of 5 stars
B00006RVTS,https://www.amazon.com/dp/B00006RVTS,Toys & Games,#20,"Crayola Colored Pencils (36ct), Kids Pencil Set, Pre-Sharpened Coloring Book Pencils for Kids & Adults, Arts & Crafts Supplies, Ages 3+",5.0,"47,155",4.8 out of 5 stars
B008J1QP7Y,https://www.amazon.com/dp/B008J1QP7Y,Toys & Games,#22,"Bright Starts Oball Shaker Rattle Toy, Ages Newborn Plus",4.0,"87,191",4.8 out of 5 stars
B09GWCRSQV,https://www.amazon.com/dp/B09GWCRSQV,Toys & Games,#23,"Crayola Washable Kids Paint (6ct), Essential Preschool Supplies, Paint Set for Kids, Must Have Arts & Crafts Supplies, Nontoxic, Preschool Learning Activities for Toddlers",5.0,"17,124",4.7 out of 5 stars
B09PGVGCH5,https://www.amazon.com/dp/B09PGVGCH5,Toys & Games,#25,Horizon Group USA Bluey Aqua Art - Reusable Water Reveal Activity Pages With Water Pen for No-Mess Drawing and Coloring,5.0,"10,171",4.7 out of 5 stars
B013RQPB5C,https://www.amazon.com/dp/B013RQPB5C,Toys & Games,#26,"Crayola Ultra Clean Washable Markers (40ct), Colored Markers for Kids, Coloring Book Marker Set, Stocking Stuffers for Kids, Christmas & Holiday Gifts, Ages 3+",13.0,"30,655",4.8 out of 5 stars
B0CHS2VNHC,https://www.amazon.com/dp/B0CHS2VNHC,Toys & Games,#27,"YLL Mini Karaoke Machine with 2 Wireless Microphones, TOP Kids Gifts for Girls Ages 3, 4, 5, 6, 7, 8, 9, 10, 11, 12 +Years Old, 4-12th Birthday Toy Gift for Girls Boys Party (Purple)",25.0,"6,483",4.6 out of 5 stars
B077Z1R28P,https://www.amazon.com/dp/B077Z1R28P,Toys & Games,#28,"Taco Cat Goat Cheese Pizza Card Game – Wildly Entertaining & Easy To Learn - Great for Adults, Teens, Kids and Families - Card Games and Board Games for Family Game Night - 10 Min, Age 7+, 2-8 Players",10.0,"52,913",4.8 out of 5 stars
B0BKTS39DL,https://www.amazon.com/dp/B0BKTS39DL,Toys & Games,#29,"JOYIN 100 Pcs 8"" Glowsticks, Halloween Supplies Pack, Bracelets Necklaces, Glow in the Dark Party Favors, Easter, Christmas, Football Party Supplies",8.0,"10,751",4.6 out of 5 stars
B0CFYYBHK3,https://www.amazon.com/dp/B0CFYYBHK3,Collectible Coins,#5,Lincoln Wheat Cent 1909 S VDB Design 1 oz Pure .999 Copper Round Collectible Jumbo 39mm Coin in Capsule - COA by Heavenly Metals,7.99,377,4.5 out of 5 stars
B0D8KF7R5J,https://www.amazon.com/dp/B0D8KF7R5J,Collectible Coins,#9,"John Wick Continental Coin – 40MM Metal Souvenir, Gold-Plated Movie Prop Collectible",16.99,121,4.7 out of 5 stars
B0B9HYZ337,https://www.amazon.com/dp/B0B9HYZ337,Collectible Coins,#11,1 Troy Oz. Silver Eagle Round| Commemorative Piece Made from .999 Fine Silver Made in USA +Includes Free Protective Capsule,74.99,274,4.8 out of 5 stars
B011LOOKV8,https://www.amazon.com/dp/B011LOOKV8,Collectible Coins,#14,50 Wheat Pennies (Unsearched Shotgun Roll) - Mixed Years Circulated Good or Better.,15.44,"1,576",3.6 out of 5 stars
B07RYNCNB9,https://www.amazon.com/dp/B07RYNCNB9,Collectible Coins,#17,2 oz .999 Pure Copper Medallion (Lincoln Wheat),9.99,146,4.7 out of 5 stars
B0F9PF5ZLK,https://www.amazon.com/dp/B0F9PF5ZLK,Collectible Coins,#18,"Marine Corps 250th Anniversary Coins,USMC Military Challenge Coins- Patriotic Military Collectible with Engraved Service Branch Insignia in Durable Metal Veteran Gift,Military Collectible",17.99,68,4.1 out of 5 stars
B08MD3BYJ4,https://www.amazon.com/dp/B08MD3BYJ4,Collectible Coins,#19,2020 IN 999 Ganesha Lakshmi/Laxmi Solid Pure Silver Five Grams Coin Silver Perfect Uncirculated,19.99,19,4.4 out of 5 stars
B07TBR1XNV,https://www.amazon.com/dp/B07TBR1XNV,Collectible Coins,#20,"5 Pack Donald Trump Gold Plated Coin, Seal of The President Challenge Coins, Commemorative Gift with Case and Stand",13.99,"1,187",4.8 out of 5 stars
B0DT2GNZ74,https://www.amazon.com/dp/B0DT2GNZ74,Collectible Coins,#24,"Aizics Mint President Donald Trump 45 47 2025 24kt Gold Challenge Coin, Trump Coin Collectors Souvenir, 45 & 47 with Red White & Blue Flag Plus 24kt Gold Plating, Large Size 45mm x 3mm Oval Office",12.98,176,4.8 out of 5 stars
B0BVKQQV13,https://www.amazon.com/dp/B0BVKQQV13,Collectible Coins,#26,Saint Michael Patron Saint of Law Enforcement Challenge Coin The Thin Blue Line Silver Plated Coins,6.99,84,4.8 out of 5 stars
B0DBKB337K,https://www.amazon.com/dp/B0DBKB337K,Collectible Coins,#29,"Aizics Mint Donald Trump Silver Coin 2024 with Certificate of Authenticity, President Coin, Trump Coin Collectors, Silver Plated, 38mm x 2mm",9.98,"1,354",4.7 out of 5 stars
B0CC97VDVM,https://www.amazon.com/dp/B0CC97VDVM,Collectible Coins,#30,"Rooted in Christ The Lord is My Rock, My Fortress, My Deliverer Faith-Based Christian Challenge Coin Bible Verse Gift (Single Coin)",11.99,219,4.8 out of 5 stars
B0CHTKNWBL,https://www.amazon.com/dp/B0CHTKNWBL,Gift Cards,#1,Amazon Gift Card Balance Reload,25.0,"532,808",4.7 out of 5 stars
B07PCMWTSG,https://www.amazon.com/dp/B07PCMWTSG,Gift Cards,#3,Amazon eGift Card - (Instant Email or Text Delivery),50.0,"342,500",4.8 out of 5 stars
B09LQTPHSG,https://www.amazon.com/dp/B09LQTPHSG,Gift Cards,#4,Amazon eGift Card - Celebration - (Instant Email or Text Delivery),50.0,"54,613",4.9 out of 5 stars
B08F3C99KN,https://www.amazon.com/dp/B08F3C99KN,Gift Cards,#5,"Apple Gift Card - App Store, iTunes, iPhone, iPad, AirPods, MacBook, accessories and more (eGift)",15.0,"49,353",4.6 out of 5 stars
B0DK7B7G9R,https://www.amazon.com/dp/B0DK7B7G9R,Gift Cards,#6,Amazon eGift Card - Appreciation - (Instant Email or Text Delivery),50.0,"29,751",4.9 out of 5 stars
B09KXSDHYP,https://www.amazon.com/dp/B09KXSDHYP,Gift Cards,#9,Amazon Printable Gift Card,50.0,"53,706",4.8 out of 5 stars
B09F1S3QVS,https://www.amazon.com/dp/B09F1S3QVS,Gift Cards,#10,Amazon eGift Card - Any Occasion - (Instant Email or Text Delivery),50.0,"47,358",4.9 out of 5 stars
B0C2TNBS7W,https://www.amazon.com/dp/B0C2TNBS7W,Gift Cards,#12,Amazon eGift Card - Seasonal - (Instant Email or Text Delivery),50.0,"36,411",4.9 out of 5 stars
B07ZDX292M,https://www.amazon.com/dp/B07ZDX292M,Gift Cards,#15,DoorDash eGift Card,25.0,"23,274",4.7 out of 5 stars
B079YMX2J6,https://www.amazon.com/dp/B079YMX2J6,Gift Cards,#16,Uber eGift Card,15.0,"24,416",4.7 out of 5 stars
B07ZSB9QYL,https://www.amazon.com/dp/B07ZSB9QYL,Gift Cards,#18,Starbucks eGift Card,15.0,"31,610",4.9 out of 5 stars
B074T91QTZ,https://www.amazon.com/dp/B074T91QTZ,Gift Cards,#20,"Google Play gift code - give the gift of games, apps and more (Email or Text Message Delivery - US Only)",25.0,"50,619",4.4 out of 5 stars
B0DG8HN7T1,https://www.amazon.com/dp/B0DG8HN7T1,Gift Cards,#27,Visa Virtual $50 eGift Card (plus $4.95 Purchase Fee) - For Online Use Only,54.95,781,4.4 out of 5 stars
B0DG82QY5C,https://www.amazon.com/dp/B0DG82QY5C,Gift Cards,#29,Visa Virtual $100 eGift Card (plus $5.95 Purchase Fee) - For Online Use Only,105.95,774,4.4 out of 5 stars
B01M16WBW1,https://www.amazon.com/dp/B01M16WBW1,Home & Kitchen,#1,"Queen Size 4 Piece Sheet Set - Comfy Breathable & Cooling Bed Sheets Set - Hotel Luxury Bedding for Women, Men, Kids & Teens - Deep Pockets, Easy Secure Fit, Soft and Wrinkle Free - Oeko-Tex - White",24.99,"406,420",4.4 out of 5 stars
B0BZYCJK89,https://www.amazon.com/dp/B0BZYCJK89,Home & Kitchen,#2,"Owala FreeSip Insulated Stainless Steel Water Bottle with Straw, BPA-Free Sports Water Bottle, Great for Travel, 24 Oz, Denim",29.99,"92,263",4.7 out of 5 stars
B0B1CNJL7N,https://www.amazon.com/dp/B0B1CNJL7N,Home & Kitchen,#5,"upsimples 8x10 Picture Frame, Display Pictures 5x7 with Mat or 8x10 Without Mat, Wall Hanging Photo Frame, Black, 1 Pack",5.99,"30,818",4.5 out of 5 stars
B0DZQLTXG8,https://www.amazon.com/dp/B0DZQLTXG8,Home & Kitchen,#7,STANLEY Quencher H2.0 Tumbler with Handle and Straw 40 oz | Flowstate 3-Position Lid | Cup Holder Compatible for Travel | Insulated Stainless Steel Cup | BPA-Free | Exclusive Blue Cactus,26.1,"76,946",4.7 out of 5 stars
B00FXNAAW2,https://www.amazon.com/dp/B00FXNAAW2,Home & Kitchen,#8,"Amazon Basics Slim, Velvet, Non-Slip Suit Clothes Hangers, Pack of 50, Black",19.99,"218,042",4.8 out of 5 stars
B0CFGYFCYL,https://www.amazon.com/dp/B0CFGYFCYL,Home & Kitchen,#9,"OLANLY Bathroom Rugs 30x20, Extra Soft Absorbent Chenille Bath Rugs, Rubber Backing Quick Dry, Machine Washable Bath Mats for Bathroom Floor, Tub and Shower, Home Decor Accessories, Grey",9.97,"27,601",4.4 out of 5 stars
B01LYNW421,https://www.amazon.com/dp/B01LYNW421,Home & Kitchen,#14,"Beckham Hotel Collection Bed Pillows Standard/Queen Size Set of 2 - Original Down Alternative Pillow for Sleeping - Bedding for Back, Stomach or Side Sleepers",41.98,"253,916",4.3 out of 5 stars
B0C6FCKQML,https://www.amazon.com/dp/B0C6FCKQML,Home & Kitchen,#16,"Dreo Space Heater, Portable Electric Heaters for Indoor Use with Thermostat and Remote, 2024 Upgraded, Digital Display, 12H Timer, 5 Mode, 1500W PTC Ceramic Fast Safety Heat for Office Bedroom Home",35.99,"13,619",4.6 out of 5 stars
B00LS9UD2M,https://www.amazon.com/dp/B00LS9UD2M,Home & Kitchen,#19,LiBa Bathroom Shower Curtain Waterproof Plastic Shower Curtain Premium PEVA Non-Toxic with Rust Proof Grommets Clear 8G Bathroom Accessories 72x72,9.99,"251,883",4.5 out of 5 stars
B093D7Y3F2,https://www.amazon.com/dp/B093D7Y3F2,Home & Kitchen,#20,"EHZNZIE Clear Shower Curtain Liner Light Weight PEVA, Shower Liner 72x72 Inches, Waterproof, No Chemical Smell with 12 Rust Proof Metal Grommets Holes for Bathroom Shower Curtain",4.94,"18,297",4.5 out of 5 stars
B08BZFRQLS,https://www.amazon.com/dp/B08BZFRQLS,Home & Kitchen,#25,"ALYVIA SPRING Waterproof Fabric Shower Curtain Liner with 3 Magnets - Soft Hotel Quality Cloth Shower Liner, Light-Weight & Machine Washable - Standard Size 72x72, White",9.98,"54,126",4.5 out of 5 stars
B0DCF3ZYNG,https://www.amazon.com/dp/B0DCF3ZYNG,Home & Kitchen,#26,STANLEY Quencher ProTour Flip Straw Tumbler with Leakproof Lid | Built-In Straw & Handle | Cupholder Compatible for Travel | Insulated Stainless Steel Cup | BPA-Free,26.25,"7,797",4.7 out of 5 stars
B0C2C9NHZW,https://www.amazon.com/dp/B0C2C9NHZW,Home & Kitchen,#27,"LEVOIT Top Fill Humidifiers for Bedroom, 2.5L Tank for Large Room, Easy to Fill & Clean, 28dB Quiet Cool Mist Air Humidifier for Home Baby Nursery & Plants, Auto Shut-off and BPA-Free for Safety, 25H",29.99,"40,651",4.4 out of 5 stars
B0973DGD8P,https://www.amazon.com/dp/B0973DGD8P,Home & Kitchen,#28,"20 Pack Vacuum Storage Bags, Space Saver Bags (4 Jumbo/4 Large/4 Medium/4 Small/4 Roll) Compression for Comforters and Blankets, Sealer Clothes Storage, Hand Pump Included",17.49,"78,810",4.3 out of 5 stars
B0113UZJE2,https://www.amazon.com/dp/B0113UZJE2,Home & Kitchen,#29,"Etekcity Food Kitchen Scale, Digital Grams and Ounces for Weight Loss, Baking, Cooking, Keto and Meal Prep, LCD Display, Medium, 304 Stainless Steel",10.99,"168,414",4.6 out of 5 stars
B08JHCVHTY,https://www.amazon.com/dp/B08JHCVHTY,Tools & Home Improvement,#1,Blink Subscription Plus Plan with monthly auto-renewal,11.99,"262,732",4.4 out of 5 stars
B0882ZJ48W,https://www.amazon.com/dp/B0882ZJ48W,Tools & Home Improvement,#7,"GE XWFE Refrigerator Water Filter, Genuine Replacement Filter, Certified to Reduce Lead, Sulfur, and 50+ Other Impurities, Replace Every 6 Months for Best Results, Pack of 1",48.48,"36,689",4.5 out of 5 stars
B00UXG4WR8,https://www.amazon.com/dp/B00UXG4WR8,Tools & Home Improvement,#8,"everydrop by Whirlpool Ice and Water Refrigerator Filter 1, EDR1RXD1, Single-Pack , Purple",57.0,"105,209",4.7 out of 5 stars
B004Q69HIU,https://www.amazon.com/dp/B004Q69HIU,Tools & Home Improvement,#10,"Filtrete 20x25x1 AC Furnace Air Filter, MERV 11, MPR 1000, Micro Allergen Defense, 3-Month Pleated 1-Inch Electrostatic Air Cleaning Filter, 2 Pack (Actual Size 19.688 x 24.688 x 0.84 in)",19.35,"54,174",4.8 out of 5 stars
B0C3SSXL4K,https://www.amazon.com/dp/B0C3SSXL4K,Tools & Home Improvement,#11,Inspire Black Nitrile Gloves HEAVY DUTY 6 Mil Nitrile Chemical Resistant Medical Cooking Cleaning Disposable Black Gloves,14.99,"10,592",4.7 out of 5 stars
B07FNXPGLG,https://www.amazon.com/dp/B07FNXPGLG,Tools & Home Improvement,#13,"Filtrete 20x25x1 AC Furnace Air Filter, MERV 5, MPR 300, Capture Unwanted Particles, 3-Month Pleated 1-Inch Electrostatic Air Cleaning Filter, 6-Pack (Actual Size 19.69x24.69x0.81 in)",39.99,"181,954",4.7 out of 5 stars
B0C9N1YJNJ,https://www.amazon.com/dp/B0C9N1YJNJ,Tools & Home Improvement,#15,"Caring Nitrile Exam Gloves, Blue, Powder-Free, Disposable Gloves for Medical Care, First Aid, Cleaning, Food Prep",8.99,"9,123",4.7 out of 5 stars
B00VBP8QPO,https://www.amazon.com/dp/B00VBP8QPO,Tools & Home Improvement,#17,"everydrop® by Whirlpool Ice and Water Refrigerator Filter 2, EDR2RXD1, Single-Pack",52.99,"44,569",4.7 out of 5 stars
B09V366BDY,https://www.amazon.com/dp/B09V366BDY,Tools & Home Improvement,#19,KSIPZE 100ft Led Strip Lights RGB Music Sync Color Changing Bluetooth Led Lights with Smart App Control Remote Led Lights for Bedroom Room Lighting Flexible Home Décor,9.98,"32,837",4.4 out of 5 stars
B0BR7SGFCJ,https://www.amazon.com/dp/B0BR7SGFCJ,Tools & Home Improvement,#20,"TitanFlex Disposable Nitrile Exam Gloves, 6-mil, Black, Heavy Duty, Latex Free, Food Safe for Cooking & Food Prep",12.99,"9,338",4.7 out of 5 stars
B0DJ1BVZGX,https://www.amazon.com/dp/B0DJ1BVZGX,Tools & Home Improvement,#21,"Skrizcable 16/3 25 FT Outdoor Extension Cord Waterproof, Weatherproof & Flame Retardant Black 3 Prong Power Cord Outside for Lawn & Garden, 13 Amps 1625 Watts 125 VAC 16AWG SJTW, ETL Listed",9.99,"1,865",4.7 out of 5 stars
B0F1C56SR1,https://www.amazon.com/dp/B0F1C56SR1,Tools & Home Improvement,#22,"Gritin 10.2inch Under Cabinet Lighting Rechargeable -84 LED Super Bright,3-Color& 5 Level Brightness,4 Modes,Motion Sensor,Long Lasting- Easy Installation Magnetic Under Cabinet Closet Lights -2 Pack",12.34,"4,670",4.6 out of 5 stars
B0B5X5DQPT,https://www.amazon.com/dp/B0B5X5DQPT,Tools & Home Improvement,#23,"Surge Protector Outlet Extender with Rotating Plug - One Beat 6 AC Multi Plug Outlet with 3 USB Ports (1 USB C), 1800J Wall Charger, 3-Sided Power Strip Spaced Outlet Splitter for Home Office Travel",8.99,"15,199",4.7 out of 5 stars
B01D93Z9ZA,https://www.amazon.com/dp/B01D93Z9ZA,Tools & Home Improvement,#27,Felt Furniture Pads X-PROTECTOR 133 PCS Premium Furniture Pads - Felt Pads Furniture Feet Best Wood Floor Protectors - Protect Your Hardwood & Laminate Flooring! Brown and Beige,9.99,"97,011",4.6 out of 5 stars
B0BQJ5BDB6,https://www.amazon.com/dp/B0BQJ5BDB6,Tools & Home Improvement,#28,"KOABY 12/24/50/100/200/400 Pack LED Tea Lights, Flickering Warm White Lights, Battery Operated",5.49,"5,372",4.6 out of 5 stars
